log_attempts,failure_rate,approval_rate,infra_share,cards_per_attempt,small_amount_share,burstiness,recovery_rate,top_session_failure_share,log_failing_sessions,label,group,family
3.931826,0.92,0.08,0,1,1,0.970048,0,1,0.693147,attack,attack_loud_0,attack_loud
3.931826,0.92,0.08,0,1,1,0.970048,0,1,0.693147,attack,attack_loud_0,attack_loud
1.098612,1,0,0,1,1,0,0,0.045455,3.713572,attack,attack_distributed_0,attack_distributed
1.098612,1,0,0,1,1,0,0,0.045455,3.713572,attack,attack_distributed_0,attack_distributed
1.098612,1,0,0,1,1,0,0,0.045455,3.713572,attack,attack_distributed_0,attack_distributed
1.098612,1,0,0,1,1,0,0,0.045455,3.713572,attack,attack_distributed_0,attack_distributed
1.098612,0.5,0.5,0,1,1,0,0,0.045455,3.713572,attack,attack_distributed_0,attack_distributed
0.693147,1,0,0,1,1,0,0,0.045455,3.713572,attack,attack_distributed_0,attack_distributed
0.693147,1,0,0,1,1,0,0,0.045455,3.713572,attack,attack_distributed_0,attack_distributed
0.693147,1,0,0,1,1,0,0,0.045455,3.713572,attack,attack_distributed_0,attack_distributed
1.098612,1,0,0,1,1,0,0,0.045455,3.713572,attack,attack_distributed_0,attack_distributed
1.098612,1,0,0,1,1,0,0,0.045455,3.713572,attack,attack_distributed_0,attack_distributed
1.098612,1,0,0,1,1,0,0,0.045455,3.713572,attack,attack_distributed_0,attack_distributed
1.098612,1,0,0,1,1,0,0,0.045455,3.713572,attack,attack_distributed_0,attack_distributed
1.098612,0.5,0.5,0,1,1,0,0,0.045455,3.713572,attack,attack_distributed_0,attack_distributed
0.693147,1,0,0,1,1,0,0,0.045455,3.713572,attack,attack_distributed_0,attack_distributed
0.693147,1,0,0,1,1,0,0,0.045455,3.713572,attack,attack_distributed_0,attack_distributed
0.693147,1,0,0,1,1,0,0,0.045455,3.713572,attack,attack_distributed_0,attack_distributed
2.079442,1,0,0,1,1,0.601852,0,0.21875,1.791759,attack,attack_low_amplitude_0,attack_low_amplitude
2.079442,1,0,0,1,1,0.613052,0,0.21875,1.791759,attack,attack_low_amplitude_0,attack_low_amplitude
2.079442,0.857143,0.142857,0,1,1,0.434139,0,0.21875,1.791759,attack,attack_low_amplitude_0,attack_low_amplitude
2.079442,0.857143,0.142857,0,1,1,0.517438,0,0.21875,1.791759,attack,attack_low_amplitude_0,attack_low_amplitude
2.079442,0.857143,0.142857,0,1,1,0.570058,0,0.21875,1.791759,attack,attack_low_amplitude_0,attack_low_amplitude
2.302585,1,0,0,1,1,0.57836,0,0.21875,1.791759,attack,attack_low_amplitude_0,attack_low_amplitude
2.302585,0.888889,0.111111,0,1,1,0.560604,0,0.21875,1.791759,attack,attack_low_amplitude_0,attack_low_amplitude
2.302585,0.888889,0.111111,0,1,1,0.581023,0,0.21875,1.791759,attack,attack_low_amplitude_0,attack_low_amplitude
2.197225,0.875,0.125,0,1,1,0.60565,0,0.21875,1.791759,attack,attack_low_amplitude_0,attack_low_amplitude
0.693147,1,0,1,1,0,0,0,0.037037,3.332205,outage,gateway_outage_0,gateway_outage
0.693147,1,0,1,1,0,0,0,0.037037,3.332205,outage,gateway_outage_0,gateway_outage
0.693147,1,0,1,1,0,0,0,0.037037,3.332205,outage,gateway_outage_0,gateway_outage
0.693147,1,0,1,1,0,0,0,0.037037,3.332205,outage,gateway_outage_0,gateway_outage
0.693147,1,0,1,1,0,0,0,0.037037,3.332205,outage,gateway_outage_0,gateway_outage
0.693147,1,0,1,1,0,0,0,0.037037,3.332205,outage,gateway_outage_0,gateway_outage
0.693147,1,0,1,1,0,0,0,0.037037,3.332205,outage,gateway_outage_0,gateway_outage
0.693147,1,0,1,1,0,0,0,0.037037,3.332205,outage,gateway_outage_0,gateway_outage
0.693147,1,0,1,1,0,0,0,0.037037,3.332205,outage,gateway_outage_0,gateway_outage
0.693147,1,0,1,1,0,0,0,0.037037,3.332205,outage,gateway_outage_0,gateway_outage
0.693147,1,0,1,1,0,0,0,0.037037,3.332205,outage,gateway_outage_0,gateway_outage
0.693147,1,0,1,1,0,0,0,0.037037,3.332205,outage,gateway_outage_0,gateway_outage
0.693147,1,0,1,1,0,0,0,0.037037,3.332205,outage,gateway_outage_0,gateway_outage
0.693147,1,0,1,1,0,0,0,0.037037,3.332205,outage,gateway_outage_0,gateway_outage
0.693147,1,0,1,1,0,0,0,0.037037,3.332205,outage,gateway_outage_0,gateway_outage
0.693147,1,0,1,1,0,0,0,0.037037,3.332205,outage,gateway_outage_0,gateway_outage
2.70805,0.928571,0.071429,0,0.571429,0,0.394302,0,0.342105,1.386294,retry_storm,retry_storm_0,retry_storm
2.639057,1,0,0,0.615385,0,0.596493,0,0.342105,1.386294,retry_storm,retry_storm_0,retry_storm
2.639057,0.923077,0.076923,0,0.615385,0,0.432141,0,0.342105,1.386294,retry_storm,retry_storm_0,retry_storm
3.044522,1,0,0,0.2,0,0.524339,0,0.342105,1.386294,retry_storm,retry_storm_0,retry_storm
3.044522,0.9,0.1,0,0.2,0,0.569712,0,0.342105,1.386294,retry_storm,retry_storm_0,retry_storm
0.693147,1,0,0,1,0,0,0,0.25,1.609438,healthy_traffic,normal_traffic_0,normal_traffic
0.693147,1,0,0,1,0,0,0,0.25,1.609438,healthy_traffic,normal_traffic_0,normal_traffic
0.693147,1,0,0,1,0,0,0,0.25,1.609438,healthy_traffic,normal_traffic_0,normal_traffic
0.693147,1,0,0,1,0,0,0,0.25,1.609438,healthy_traffic,normal_traffic_0,normal_traffic
0.693147,0,1,0,1,0,0,0,0.25,1.609438,healthy_traffic,normal_traffic_0,normal_traffic
0.693147,0,1,0,1,0,0,0,0.25,1.609438,healthy_traffic,normal_traffic_0,normal_traffic
0.693147,0,1,0,1,0,0,0,0.25,1.609438,healthy_traffic,normal_traffic_0,normal_traffic
0.693147,0,1,0,1,0,0,0,0.25,1.609438,healthy_traffic,normal_traffic_0,normal_traffic
0.693147,1,0,0,1,0,0,0,0.25,1.609438,healthy_traffic,normal_traffic_0,normal_traffic
0.693147,1,0,0,1,0,0,0,0.25,1.609438,healthy_traffic,normal_traffic_0,normal_traffic
0.693147,1,0,0,1,0,0,0,0.25,1.609438,healthy_traffic,normal_traffic_0,normal_traffic
0.693147,1,0,0,1,0,0,0,0.25,1.609438,healthy_traffic,normal_traffic_0,normal_traffic
0.693147,0,1,0,1,0,0,0,0.25,1.609438,healthy_traffic,normal_traffic_0,normal_traffic
0.693147,0,1,0,1,0,0,0,0.25,1.609438,healthy_traffic,normal_traffic_0,normal_traffic
0.693147,0,1,0,1,0,0,0,0.25,1.609438,healthy_traffic,normal_traffic_0,normal_traffic
0.693147,0,1,0,1,0,0,0,0.25,1.609438,healthy_traffic,normal_traffic_0,normal_traffic
0.693147,1,0,0,1,0,0,0,0.25,1.609438,healthy_traffic,flash_sale_0,flash_sale
0.693147,1,0,0,1,0,0,0,0.25,1.609438,healthy_traffic,flash_sale_0,flash_sale
0.693147,1,0,0,1,0,0,0,0.25,1.609438,healthy_traffic,flash_sale_0,flash_sale
0.693147,1,0,0,1,0,0,0,0.25,1.609438,healthy_traffic,flash_sale_0,flash_sale
0.693147,0,1,0,1,0,0,0,0.25,1.609438,healthy_traffic,flash_sale_0,flash_sale
0.693147,0,1,0,1,0,0,0,0.25,1.609438,healthy_traffic,flash_sale_0,flash_sale
0.693147,0,1,0,1,0,0,0,0.25,1.609438,healthy_traffic,flash_sale_0,flash_sale
0.693147,0,1,0,1,0,0,0,0.25,1.609438,healthy_traffic,flash_sale_0,flash_sale
0.693147,1,0,0,1,0,0,0,0.25,1.609438,healthy_traffic,flash_sale_0,flash_sale
0.693147,1,0,0,1,0,0,0,0.25,1.609438,healthy_traffic,flash_sale_0,flash_sale
0.693147,1,0,0,1,0,0,0,0.25,1.609438,healthy_traffic,flash_sale_0,flash_sale
0.693147,1,0,0,1,0,0,0,0.25,1.609438,healthy_traffic,flash_sale_0,flash_sale
0.693147,0,1,0,1,0,0,0,0.25,1.609438,healthy_traffic,flash_sale_0,flash_sale
0.693147,0,1,0,1,0,0,0,0.25,1.609438,healthy_traffic,flash_sale_0,flash_sale
0.693147,0,1,0,1,0,0,0,0.25,1.609438,healthy_traffic,flash_sale_0,flash_sale
0.693147,0,1,0,1,0,0,0,0.25,1.609438,healthy_traffic,flash_sale_0,flash_sale
1.609438,0.75,0.25,0,0.25,0,0.300353,1,0.2,2.197225,healthy_traffic,customer_error_0,customer_error
1.386294,0.666667,0.333333,0,0.333333,0,0.72549,1,0.2,2.197225,healthy_traffic,customer_error_0,customer_error
1.386294,0.666667,0.333333,0,0.333333,0,0.130435,1,0.2,2.197225,healthy_traffic,customer_error_0,customer_error
1.386294,0.666667,0.333333,0,0.333333,0,0.2,1,0.2,2.197225,healthy_traffic,customer_error_0,customer_error
1.386294,0.666667,0.333333,0,0.333333,0,0.043478,1,0.2,2.197225,healthy_traffic,customer_error_0,customer_error
1.386294,0.666667,0.333333,0,0.333333,0,0.78125,1,0.2,2.197225,healthy_traffic,customer_error_0,customer_error
1.098612,0.5,0.5,0,0.5,0,0,1,0.2,2.197225,healthy_traffic,customer_error_0,customer_error
1.098612,0.5,0.5,0,0.5,0,0,1,0.2,2.197225,healthy_traffic,customer_error_0,customer_error
1.609438,0.75,0.25,0,0.25,0,0.300353,1,0.2,2.197225,healthy_traffic,customer_error_0,customer_error
1.386294,0.666667,0.333333,0,0.333333,0,0.72549,1,0.2,2.197225,healthy_traffic,customer_error_0,customer_error
1.386294,0.666667,0.333333,0,0.333333,0,0.130435,1,0.2,2.197225,healthy_traffic,customer_error_0,customer_error
1.386294,0.666667,0.333333,0,0.333333,0,0.2,1,0.2,2.197225,healthy_traffic,customer_error_0,customer_error
1.386294,0.666667,0.333333,0,0.333333,0,0.043478,1,0.2,2.197225,healthy_traffic,customer_error_0,customer_error
1.386294,0.666667,0.333333,0,0.333333,0,0.78125,1,0.2,2.197225,healthy_traffic,customer_error_0,customer_error
1.098612,0.5,0.5,0,0.5,0,0,1,0.2,2.197225,healthy_traffic,customer_error_0,customer_error
1.098612,0.5,0.5,0,0.5,0,0,1,0.2,2.197225,healthy_traffic,customer_error_0,customer_error
4.248495,0.985507,0.014493,0,1,1,1.107547,0,1,0.693147,attack,attack_loud_1,attack_loud
4.248495,0.985507,0.014493,0,1,1,1.107547,0,1,0.693147,attack,attack_loud_1,attack_loud
1.098612,1,0,0,1,1,0,0,0.035088,3.465736,attack,attack_distributed_1,attack_distributed
1.098612,1,0,0,1,1,0,0,0.035088,3.465736,attack,attack_distributed_1,attack_distributed
1.098612,1,0,0,1,1,0,0,0.035088,3.465736,attack,attack_distributed_1,attack_distributed
1.098612,1,0,0,1,1,0,0,0.035088,3.465736,attack,attack_distributed_1,attack_distributed
1.098612,1,0,0,1,1,0,0,0.035088,3.465736,attack,attack_distributed_1,attack_distributed
1.098612,1,0,0,1,1,0,0,0.035088,3.465736,attack,attack_distributed_1,attack_distributed
1.098612,1,0,0,1,1,0,0,0.035088,3.465736,attack,attack_distributed_1,attack_distributed
1.098612,1,0,0,1,1,0,0,0.035088,3.465736,attack,attack_distributed_1,attack_distributed
1.098612,1,0,0,1,1,0,0,0.035088,3.465736,attack,attack_distributed_1,attack_distributed
1.098612,1,0,0,1,1,0,0,0.035088,3.465736,attack,attack_distributed_1,attack_distributed
1.098612,1,0,0,1,1,0,0,0.035088,3.465736,attack,attack_distributed_1,attack_distributed
1.098612,1,0,0,1,1,0,0,0.035088,3.465736,attack,attack_distributed_1,attack_distributed
1.098612,1,0,0,1,1,0,0,0.035088,3.465736,attack,attack_distributed_1,attack_distributed
1.098612,1,0,0,1,1,0,0,0.035088,3.465736,attack,attack_distributed_1,attack_distributed
1.098612,1,0,0,1,1,0,0,0.035088,3.465736,attack,attack_distributed_1,attack_distributed
1.098612,1,0,0,1,1,0,0,0.035088,3.465736,attack,attack_distributed_1,attack_distributed
2.564949,0.916667,0.083333,0,1,1,0.548298,0,0.261905,1.609438,attack,attack_low_amplitude_1,attack_low_amplitude
2.564949,0.916667,0.083333,0,1,1,0.636993,0,0.261905,1.609438,attack,attack_low_amplitude_1,attack_low_amplitude
2.484907,1,0,0,1,1,0.647268,0,0.261905,1.609438,attack,attack_low_amplitude_1,attack_low_amplitude
2.484907,0.818182,0.181818,0,1,1,0.452651,0,0.261905,1.609438,attack,attack_low_amplitude_1,attack_low_amplitude
2.564949,0.916667,0.083333,0,1,1,0.548298,0,0.261905,1.609438,attack,attack_low_amplitude_1,attack_low_amplitude
2.564949,0.916667,0.083333,0,1,1,0.636993,0,0.261905,1.609438,attack,attack_low_amplitude_1,attack_low_amplitude
2.484907,1,0,0,1,1,0.647268,0,0.261905,1.609438,attack,attack_low_amplitude_1,attack_low_amplitude
2.484907,0.818182,0.181818,0,1,1,0.452651,0,0.261905,1.609438,attack,attack_low_amplitude_1,attack_low_amplitude
0.693147,1,0,1,1,0,0,0,0.02439,3.73767,outage,gateway_outage_1,gateway_outage
0.693147,1,0,1,1,0,0,0,0.02439,3.73767,outage,gateway_outage_1,gateway_outage
0.693147,1,0,1,1,0,0,0,0.02439,3.73767,outage,gateway_outage_1,gateway_outage
0.693147,1,0,1,1,0,0,0,0.02439,3.73767,outage,gateway_outage_1,gateway_outage
0.693147,1,0,1,1,0,0,0,0.02439,3.73767,outage,gateway_outage_1,gateway_outage
0.693147,1,0,1,1,0,0,0,0.02439,3.73767,outage,gateway_outage_1,gateway_outage
0.693147,1,0,1,1,0,0,0,0.02439,3.73767,outage,gateway_outage_1,gateway_outage
0.693147,1,0,1,1,0,0,0,0.02439,3.73767,outage,gateway_outage_1,gateway_outage
0.693147,1,0,1,1,0,0,0,0.02439,3.73767,outage,gateway_outage_1,gateway_outage
0.693147,1,0,1,1,0,0,0,0.02439,3.73767,outage,gateway_outage_1,gateway_outage
0.693147,1,0,1,1,0,0,0,0.02439,3.73767,outage,gateway_outage_1,gateway_outage
0.693147,1,0,1,1,0,0,0,0.02439,3.73767,outage,gateway_outage_1,gateway_outage
0.693147,1,0,1,1,0,0,0,0.02439,3.73767,outage,gateway_outage_1,gateway_outage
0.693147,1,0,1,1,0,0,0,0.02439,3.73767,outage,gateway_outage_1,gateway_outage
0.693147,1,0,1,1,0,0,0,0.02439,3.73767,outage,gateway_outage_1,gateway_outage
0.693147,1,0,1,1,0,0,0,0.02439,3.73767,outage,gateway_outage_1,gateway_outage
3.258097,0.92,0.08,0,0.16,0,0.506353,0,0.547619,1.098612,retry_storm,retry_storm_1,retry_storm
3.258097,0.76,0.24,0,0.16,0,0.547727,0,0.547619,1.098612,retry_storm,retry_storm_1,retry_storm
3.258097,0.92,0.08,0,0.16,0,0.506353,0,0.547619,1.098612,retry_storm,retry_storm_1,retry_storm
3.258097,0.76,0.24,0,0.16,0,0.547727,0,0.547619,1.098612,retry_storm,retry_storm_1,retry_storm
0.693147,1,0,0,1,0,0,0,0.333333,1.386294,healthy_traffic,normal_traffic_1,normal_traffic
0.693147,1,0,0,1,0,0,0,0.333333,1.386294,healthy_traffic,normal_traffic_1,normal_traffic
0.693147,1,0,0,1,0,0,0,0.333333,1.386294,healthy_traffic,normal_traffic_1,normal_traffic
0.693147,0,1,0,1,0,0,0,0.333333,1.386294,healthy_traffic,normal_traffic_1,normal_traffic
0.693147,0,1,0,1,0,0,0,0.333333,1.386294,healthy_traffic,normal_traffic_1,normal_traffic
0.693147,0,1,0,1,0,0,0,0.333333,1.386294,healthy_traffic,normal_traffic_1,normal_traffic
0.693147,0,1,0,1,0,0,0,0.333333,1.386294,healthy_traffic,normal_traffic_1,normal_traffic
0.693147,0,1,0,1,0,0,0,0.333333,1.386294,healthy_traffic,normal_traffic_1,normal_traffic
0.693147,1,0,0,1,0,0,0,0.333333,1.386294,healthy_traffic,normal_traffic_1,normal_traffic
0.693147,1,0,0,1,0,0,0,0.333333,1.386294,healthy_traffic,normal_traffic_1,normal_traffic
0.693147,1,0,0,1,0,0,0,0.333333,1.386294,healthy_traffic,normal_traffic_1,normal_traffic
0.693147,0,1,0,1,0,0,0,0.333333,1.386294,healthy_traffic,normal_traffic_1,normal_traffic
0.693147,0,1,0,1,0,0,0,0.333333,1.386294,healthy_traffic,normal_traffic_1,normal_traffic
0.693147,0,1,0,1,0,0,0,0.333333,1.386294,healthy_traffic,normal_traffic_1,normal_traffic
0.693147,0,1,0,1,0,0,0,0.333333,1.386294,healthy_traffic,normal_traffic_1,normal_traffic
0.693147,0,1,0,1,0,0,0,0.333333,1.386294,healthy_traffic,normal_traffic_1,normal_traffic
0.693147,1,0,0,1,0,0,0,0.076923,2.639057,healthy_traffic,flash_sale_1,flash_sale
0.693147,1,0,0,1,0,0,0,0.076923,2.639057,healthy_traffic,flash_sale_1,flash_sale
0.693147,1,0,0,1,0,0,0,0.076923,2.639057,healthy_traffic,flash_sale_1,flash_sale
0.693147,1,0,0,1,0,0,0,0.076923,2.639057,healthy_traffic,flash_sale_1,flash_sale
0.693147,1,0,0,1,0,0,0,0.076923,2.639057,healthy_traffic,flash_sale_1,flash_sale
0.693147,1,0,0,1,0,0,0,0.076923,2.639057,healthy_traffic,flash_sale_1,flash_sale
0.693147,1,0,0,1,0,0,0,0.076923,2.639057,healthy_traffic,flash_sale_1,flash_sale
0.693147,1,0,0,1,0,0,0,0.076923,2.639057,healthy_traffic,flash_sale_1,flash_sale
0.693147,1,0,0,1,0,0,0,0.076923,2.639057,healthy_traffic,flash_sale_1,flash_sale
0.693147,1,0,0,1,0,0,0,0.076923,2.639057,healthy_traffic,flash_sale_1,flash_sale
0.693147,1,0,0,1,0,0,0,0.076923,2.639057,healthy_traffic,flash_sale_1,flash_sale
0.693147,1,0,0,1,0,0,0,0.076923,2.639057,healthy_traffic,flash_sale_1,flash_sale
0.693147,1,0,0,1,0,0,0,0.076923,2.639057,healthy_traffic,flash_sale_1,flash_sale
0.693147,1,0,0,1,0,0,0,0.076923,2.639057,healthy_traffic,flash_sale_1,flash_sale
0.693147,1,0,0,1,0,0,0,0.076923,2.639057,healthy_traffic,flash_sale_1,flash_sale
0.693147,1,0,0,1,0,0,0,0.076923,2.639057,healthy_traffic,flash_sale_1,flash_sale
1.609438,0.75,0.25,0,0.25,0,0.268823,1,0.5,1.386294,healthy_traffic,customer_error_1,customer_error
1.386294,0.666667,0.333333,0,0.333333,0,0.390244,1,0.5,1.386294,healthy_traffic,customer_error_1,customer_error
1.098612,0.5,0.5,0,0.5,0,0,1,0.5,1.386294,healthy_traffic,customer_error_1,customer_error
0.693147,0,1,0,1,0,0,0,0.5,1.386294,healthy_traffic,customer_error_1,customer_error
0.693147,0,1,0,1,0,0,0,0.5,1.386294,healthy_traffic,customer_error_1,customer_error
0.693147,0,1,0,1,0,0,0,0.5,1.386294,healthy_traffic,customer_error_1,customer_error
0.693147,0,1,0,1,0,0,0,0.5,1.386294,healthy_traffic,customer_error_1,customer_error
0.693147,0,1,0,1,0,0,0,0.5,1.386294,healthy_traffic,customer_error_1,customer_error
1.609438,0.75,0.25,0,0.25,0,0.268823,1,0.5,1.386294,healthy_traffic,customer_error_1,customer_error
1.386294,0.666667,0.333333,0,0.333333,0,0.390244,1,0.5,1.386294,healthy_traffic,customer_error_1,customer_error
1.098612,0.5,0.5,0,0.5,0,0,1,0.5,1.386294,healthy_traffic,customer_error_1,customer_error
0.693147,0,1,0,1,0,0,0,0.5,1.386294,healthy_traffic,customer_error_1,customer_error
0.693147,0,1,0,1,0,0,0,0.5,1.386294,healthy_traffic,customer_error_1,customer_error
0.693147,0,1,0,1,0,0,0,0.5,1.386294,healthy_traffic,customer_error_1,customer_error
0.693147,0,1,0,1,0,0,0,0.5,1.386294,healthy_traffic,customer_error_1,customer_error
0.693147,0,1,0,1,0,0,0,0.5,1.386294,healthy_traffic,customer_error_1,customer_error
3.970292,0.980769,0.019231,0,1,1,0.927093,0,1,0.693147,attack,attack_loud_2,attack_loud
3.970292,0.980769,0.019231,0,1,1,0.927093,0,1,0.693147,attack,attack_loud_2,attack_loud
1.386294,1,0,0,1,1,0.272189,0,0.066667,3.091042,attack,attack_distributed_2,attack_distributed
1.386294,1,0,0,1,1,0.313631,0,0.066667,3.091042,attack,attack_distributed_2,attack_distributed
1.386294,1,0,0,1,1,0.221219,0,0.066667,3.091042,attack,attack_distributed_2,attack_distributed
1.386294,1,0,0,1,1,0.221279,0,0.066667,3.091042,attack,attack_distributed_2,attack_distributed
1.098612,1,0,0,1,1,0,0,0.066667,3.091042,attack,attack_distributed_2,attack_distributed
1.098612,1,0,0,1,1,0,0,0.066667,3.091042,attack,attack_distributed_2,attack_distributed
1.098612,1,0,0,1,1,0,0,0.066667,3.091042,attack,attack_distributed_2,attack_distributed
1.098612,1,0,0,1,1,0,0,0.066667,3.091042,attack,attack_distributed_2,attack_distributed
1.098612,1,0,0,1,1,0,0,0.066667,3.091042,attack,attack_distributed_2,attack_distributed
1.098612,1,0,0,1,1,0,0,0.066667,3.091042,attack,attack_distributed_2,attack_distributed
1.098612,1,0,0,1,1,0,0,0.066667,3.091042,attack,attack_distributed_2,attack_distributed
1.098612,1,0,0,1,1,0,0,0.066667,3.091042,attack,attack_distributed_2,attack_distributed
1.098612,1,0,0,1,1,0,0,0.066667,3.091042,attack,attack_distributed_2,attack_distributed
1.098612,1,0,0,1,1,0,0,0.066667,3.091042,attack,attack_distributed_2,attack_distributed
1.098612,1,0,0,1,1,0,0,0.066667,3.091042,attack,attack_distributed_2,attack_distributed
1.098612,1,0,0,1,1,0,0,0.066667,3.091042,attack,attack_distributed_2,attack_distributed
2.944439,1,0,0,1,1,0.850774,0,0.5,1.098612,attack,attack_low_amplitude_2,attack_low_amplitude
2.944439,1,0,0,1,1,0.839232,0,0.5,1.098612,attack,attack_low_amplitude_2,attack_low_amplitude
2.302585,1,0,0,1,1,0.718818,0,0.5,1.098612,attack,attack_low_amplitude_2,attack_low_amplitude
2.302585,1,0,0,1,1,0.676862,0,0.5,1.098612,attack,attack_low_amplitude_2,attack_low_amplitude
2.302585,1,0,0,1,1,0.544736,0,0.5,1.098612,attack,attack_low_amplitude_2,attack_low_amplitude
2.302585,1,0,0,1,1,0.524937,0,0.5,1.098612,attack,attack_low_amplitude_2,attack_low_amplitude
0.693147,1,0,1,1,0,0,0,0.038462,3.295837,outage,gateway_outage_2,gateway_outage
0.693147,1,0,1,1,0,0,0,0.038462,3.295837,outage,gateway_outage_2,gateway_outage
0.693147,1,0,1,1,0,0,0,0.038462,3.295837,outage,gateway_outage_2,gateway_outage
0.693147,1,0,1,1,0,0,0,0.038462,3.295837,outage,gateway_outage_2,gateway_outage
0.693147,1,0,1,1,0,0,0,0.038462,3.295837,outage,gateway_outage_2,gateway_outage
0.693147,1,0,1,1,0,0,0,0.038462,3.295837,outage,gateway_outage_2,gateway_outage
0.693147,1,0,1,1,0,0,0,0.038462,3.295837,outage,gateway_outage_2,gateway_outage
0.693147,1,0,1,1,0,0,0,0.038462,3.295837,outage,gateway_outage_2,gateway_outage
0.693147,1,0,1,1,0,0,0,0.038462,3.295837,outage,gateway_outage_2,gateway_outage
0.693147,1,0,1,1,0,0,0,0.038462,3.295837,outage,gateway_outage_2,gateway_outage
0.693147,1,0,1,1,0,0,0,0.038462,3.295837,outage,gateway_outage_2,gateway_outage
0.693147,1,0,1,1,0,0,0,0.038462,3.295837,outage,gateway_outage_2,gateway_outage
0.693147,1,0,1,1,0,0,0,0.038462,3.295837,outage,gateway_outage_2,gateway_outage
0.693147,1,0,1,1,0,0,0,0.038462,3.295837,outage,gateway_outage_2,gateway_outage
0.693147,1,0,1,1,0,0,0,0.038462,3.295837,outage,gateway_outage_2,gateway_outage
0.693147,1,0,1,1,0,0,0,0.038462,3.295837,outage,gateway_outage_2,gateway_outage
3.73767,0.804878,0.195122,0,0.195122,0,0.997038,0,1,0.693147,retry_storm,retry_storm_2,retry_storm
3.091042,0.809524,0.190476,0,0.190476,0,0.66309,0,1,0.693147,retry_storm,retry_storm_2,retry_storm
3.044522,0.8,0.2,0,0.2,0,0.657627,0,1,0.693147,retry_storm,retry_storm_2,retry_storm
0.693147,1,0,0,1,0,0,0,1,0.693147,healthy_traffic,normal_traffic_2,normal_traffic
0.693147,0,1,0,1,0,0,0,1,0.693147,healthy_traffic,normal_traffic_2,normal_traffic
0.693147,0,1,0,1,0,0,0,1,0.693147,healthy_traffic,normal_traffic_2,normal_traffic
0.693147,0,1,0,1,0,0,0,1,0.693147,healthy_traffic,normal_traffic_2,normal_traffic
0.693147,0,1,0,1,0,0,0,1,0.693147,healthy_traffic,normal_traffic_2,normal_traffic
0.693147,0,1,0,1,0,0,0,1,0.693147,healthy_traffic,normal_traffic_2,normal_traffic
0.693147,0,1,0,1,0,0,0,1,0.693147,healthy_traffic,normal_traffic_2,normal_traffic
0.693147,0,1,0,1,0,0,0,1,0.693147,healthy_traffic,normal_traffic_2,normal_traffic
0.693147,1,0,0,1,0,0,0,1,0.693147,healthy_traffic,normal_traffic_2,normal_traffic
0.693147,0,1,0,1,0,0,0,1,0.693147,healthy_traffic,normal_traffic_2,normal_traffic
0.693147,0,1,0,1,0,0,0,1,0.693147,healthy_traffic,normal_traffic_2,normal_traffic
0.693147,0,1,0,1,0,0,0,1,0.693147,healthy_traffic,normal_traffic_2,normal_traffic
0.693147,0,1,0,1,0,0,0,1,0.693147,healthy_traffic,normal_traffic_2,normal_traffic
0.693147,0,1,0,1,0,0,0,1,0.693147,healthy_traffic,normal_traffic_2,normal_traffic
0.693147,0,1,0,1,0,0,0,1,0.693147,healthy_traffic,normal_traffic_2,normal_traffic
0.693147,0,1,0,1,0,0,0,1,0.693147,healthy_traffic,normal_traffic_2,normal_traffic
0.693147,1,0,0,1,0,0,0,0.1,2.397895,healthy_traffic,flash_sale_2,flash_sale
0.693147,1,0,0,1,0,0,0,0.1,2.397895,healthy_traffic,flash_sale_2,flash_sale
0.693147,1,0,0,1,0,0,0,0.1,2.397895,healthy_traffic,flash_sale_2,flash_sale
0.693147,1,0,0,1,0,0,0,0.1,2.397895,healthy_traffic,flash_sale_2,flash_sale
0.693147,1,0,0,1,0,0,0,0.1,2.397895,healthy_traffic,flash_sale_2,flash_sale
0.693147,1,0,0,1,0,0,0,0.1,2.397895,healthy_traffic,flash_sale_2,flash_sale
0.693147,1,0,0,1,0,0,0,0.1,2.397895,healthy_traffic,flash_sale_2,flash_sale
0.693147,1,0,0,1,0,0,0,0.1,2.397895,healthy_traffic,flash_sale_2,flash_sale
0.693147,1,0,0,1,0,0,0,0.1,2.397895,healthy_traffic,flash_sale_2,flash_sale
0.693147,1,0,0,1,0,0,0,0.1,2.397895,healthy_traffic,flash_sale_2,flash_sale
0.693147,1,0,0,1,0,0,0,0.1,2.397895,healthy_traffic,flash_sale_2,flash_sale
0.693147,1,0,0,1,0,0,0,0.1,2.397895,healthy_traffic,flash_sale_2,flash_sale
0.693147,1,0,0,1,0,0,0,0.1,2.397895,healthy_traffic,flash_sale_2,flash_sale
0.693147,1,0,0,1,0,0,0,0.1,2.397895,healthy_traffic,flash_sale_2,flash_sale
0.693147,1,0,0,1,0,0,0,0.1,2.397895,healthy_traffic,flash_sale_2,flash_sale
0.693147,1,0,0,1,0,0,0,0.1,2.397895,healthy_traffic,flash_sale_2,flash_sale
1.609438,0.75,0.25,0,0.25,0,0.648373,1,0.3,1.791759,healthy_traffic,customer_error_2,customer_error
1.609438,0.75,0.25,0,0.25,0,0.177809,1,0.3,1.791759,healthy_traffic,customer_error_2,customer_error
1.386294,0.666667,0.333333,0,0.333333,0,0.448276,1,0.3,1.791759,healthy_traffic,customer_error_2,customer_error
1.098612,0.5,0.5,0,0.5,0,0,1,0.3,1.791759,healthy_traffic,customer_error_2,customer_error
1.098612,0.5,0.5,0,0.5,0,0,1,0.3,1.791759,healthy_traffic,customer_error_2,customer_error
0.693147,0,1,0,1,0,0,0,0.3,1.791759,healthy_traffic,customer_error_2,customer_error
0.693147,0,1,0,1,0,0,0,0.3,1.791759,healthy_traffic,customer_error_2,customer_error
0.693147,0,1,0,1,0,0,0,0.3,1.791759,healthy_traffic,customer_error_2,customer_error
1.609438,0.75,0.25,0,0.25,0,0.648373,1,0.3,1.791759,healthy_traffic,customer_error_2,customer_error
1.609438,0.75,0.25,0,0.25,0,0.177809,1,0.3,1.791759,healthy_traffic,customer_error_2,customer_error
1.386294,0.666667,0.333333,0,0.333333,0,0.448276,1,0.3,1.791759,healthy_traffic,customer_error_2,customer_error
1.098612,0.5,0.5,0,0.5,0,0,1,0.3,1.791759,healthy_traffic,customer_error_2,customer_error
1.098612,0.5,0.5,0,0.5,0,0,1,0.3,1.791759,healthy_traffic,customer_error_2,customer_error
0.693147,0,1,0,1,0,0,0,0.3,1.791759,healthy_traffic,customer_error_2,customer_error
0.693147,0,1,0,1,0,0,0,0.3,1.791759,healthy_traffic,customer_error_2,customer_error
0.693147,0,1,0,1,0,0,0,0.3,1.791759,healthy_traffic,customer_error_2,customer_error
4.26268,1,0,0,1,1,0.763884,0,1,0.693147,attack,attack_loud_3,attack_loud
4.26268,1,0,0,1,1,0.763884,0,1,0.693147,attack,attack_loud_3,attack_loud
1.386294,1,0,0,1,1,0.060998,0,0.05,3.091042,attack,attack_distributed_3,attack_distributed
1.386294,1,0,0,1,1,0.064782,0,0.05,3.091042,attack,attack_distributed_3,attack_distributed
1.386294,1,0,0,1,1,0.019417,0,0.05,3.091042,attack,attack_distributed_3,attack_distributed
1.386294,1,0,0,1,1,0.066998,0,0.05,3.091042,attack,attack_distributed_3,attack_distributed
1.386294,1,0,0,1,1,0.099881,0,0.05,3.091042,attack,attack_distributed_3,attack_distributed
1.386294,1,0,0,1,1,0.098592,0,0.05,3.091042,attack,attack_distributed_3,attack_distributed
1.386294,1,0,0,1,1,0.019632,0,0.05,3.091042,attack,attack_distributed_3,attack_distributed
1.386294,1,0,0,1,1,0.043214,0,0.05,3.091042,attack,attack_distributed_3,attack_distributed
1.386294,1,0,0,1,1,0.062263,0,0.05,3.091042,attack,attack_distributed_3,attack_distributed
1.386294,1,0,0,1,1,0.079229,0,0.05,3.091042,attack,attack_distributed_3,attack_distributed
1.386294,1,0,0,1,1,0.067661,0,0.05,3.091042,attack,attack_distributed_3,attack_distributed
1.386294,1,0,0,1,1,0.006696,0,0.05,3.091042,attack,attack_distributed_3,attack_distributed
1.386294,1,0,0,1,1,0.037626,0,0.05,3.091042,attack,attack_distributed_3,attack_distributed
1.386294,1,0,0,1,1,0.127924,0,0.05,3.091042,attack,attack_distributed_3,attack_distributed
1.386294,1,0,0,1,1,0.079158,0,0.05,3.091042,attack,attack_distributed_3,attack_distributed
1.386294,1,0,0,1,1,0.087968,0,0.05,3.091042,attack,attack_distributed_3,attack_distributed
3.178054,1,0,0,1,1,0.611597,0,0.5,1.098612,attack,attack_low_amplitude_3,attack_low_amplitude
3.178054,1,0,0,1,1,0.70324,0,0.5,1.098612,attack,attack_low_amplitude_3,attack_low_amplitude
3.178054,1,0,0,1,1,0.611597,0,0.5,1.098612,attack,attack_low_amplitude_3,attack_low_amplitude
3.178054,1,0,0,1,1,0.70324,0,0.5,1.098612,attack,attack_low_amplitude_3,attack_low_amplitude
1.098612,1,0,1,1,0,0,0,0.045455,3.688879,outage,gateway_outage_3,gateway_outage
1.098612,1,0,1,1,0,0,0,0.045455,3.688879,outage,gateway_outage_3,gateway_outage
1.098612,1,0,1,1,0,0,0,0.045455,3.688879,outage,gateway_outage_3,gateway_outage
1.098612,1,0,1,1,0,0,0,0.045455,3.688879,outage,gateway_outage_3,gateway_outage
1.098612,1,0,1,1,0,0,0,0.045455,3.688879,outage,gateway_outage_3,gateway_outage
1.098612,0.5,0.5,1,1,0,0,0,0.045455,3.688879,outage,gateway_outage_3,gateway_outage
1.098612,0.5,0.5,1,1,0,0,0,0.045455,3.688879,outage,gateway_outage_3,gateway_outage
1.098612,0.5,0.5,1,1,0,0,0,0.045455,3.688879,outage,gateway_outage_3,gateway_outage
1.098612,1,0,1,1,0,0,0,0.045455,3.688879,outage,gateway_outage_3,gateway_outage
1.098612,1,0,1,1,0,0,0,0.045455,3.688879,outage,gateway_outage_3,gateway_outage
1.098612,1,0,1,1,0,0,0,0.045455,3.688879,outage,gateway_outage_3,gateway_outage
1.098612,1,0,1,1,0,0,0,0.045455,3.688879,outage,gateway_outage_3,gateway_outage
1.098612,0.5,0.5,1,1,0,0,0,0.045455,3.688879,outage,gateway_outage_3,gateway_outage
1.098612,0.5,0.5,1,1,0,0,0,0.045455,3.688879,outage,gateway_outage_3,gateway_outage
1.098612,0.5,0.5,1,1,0,0,0,0.045455,3.688879,outage,gateway_outage_3,gateway_outage
1.098612,0.5,0.5,1,1,0,0,0,0.045455,3.688879,outage,gateway_outage_3,gateway_outage
3.931826,0.86,0.14,0,0.16,0,0.907765,0,1,0.693147,retry_storm,retry_storm_3,retry_storm
3.931826,0.86,0.14,0,0.16,0,0.907765,0,1,0.693147,retry_storm,retry_storm_3,retry_storm
1.098612,0.5,0.5,0,1,0,0,0,0.333333,1.386294,healthy_traffic,normal_traffic_3,normal_traffic
0.693147,1,0,0,1,0,0,0,0.333333,1.386294,healthy_traffic,normal_traffic_3,normal_traffic
0.693147,1,0,0,1,0,0,0,0.333333,1.386294,healthy_traffic,normal_traffic_3,normal_traffic
1.098612,0,1,0,1,0,0,0,0.333333,1.386294,healthy_traffic,normal_traffic_3,normal_traffic
1.098612,0,1,0,1,0,0,0,0.333333,1.386294,healthy_traffic,normal_traffic_3,normal_traffic
1.098612,0,1,0,1,0,0,0,0.333333,1.386294,healthy_traffic,normal_traffic_3,normal_traffic
1.098612,0,1,0,1,0,0,0,0.333333,1.386294,healthy_traffic,normal_traffic_3,normal_traffic
1.098612,0,1,0,1,0,0,0,0.333333,1.386294,healthy_traffic,normal_traffic_3,normal_traffic
1.098612,0.5,0.5,0,1,0,0,0,0.333333,1.386294,healthy_traffic,normal_traffic_3,normal_traffic
0.693147,1,0,0,1,0,0,0,0.333333,1.386294,healthy_traffic,normal_traffic_3,normal_traffic
0.693147,1,0,0,1,0,0,0,0.333333,1.386294,healthy_traffic,normal_traffic_3,normal_traffic
1.098612,0,1,0,1,0,0,0,0.333333,1.386294,healthy_traffic,normal_traffic_3,normal_traffic
1.098612,0,1,0,1,0,0,0,0.333333,1.386294,healthy_traffic,normal_traffic_3,normal_traffic
1.098612,0,1,0,1,0,0,0,0.333333,1.386294,healthy_traffic,normal_traffic_3,normal_traffic
1.098612,0,1,0,1,0,0,0,0.333333,1.386294,healthy_traffic,normal_traffic_3,normal_traffic
1.098612,0,1,0,1,0,0,0,0.333333,1.386294,healthy_traffic,normal_traffic_3,normal_traffic
1.098612,0.5,0.5,0,1,0,0,0,0.05,3.044522,healthy_traffic,flash_sale_3,flash_sale
1.098612,0.5,0.5,0,1,0,0,0,0.05,3.044522,healthy_traffic,flash_sale_3,flash_sale
1.098612,0.5,0.5,0,1,0,0,0,0.05,3.044522,healthy_traffic,flash_sale_3,flash_sale
1.098612,0.5,0.5,0,1,0,0,0,0.05,3.044522,healthy_traffic,flash_sale_3,flash_sale
1.098612,0.5,0.5,0,1,0,0,0,0.05,3.044522,healthy_traffic,flash_sale_3,flash_sale
0.693147,1,0,0,1,0,0,0,0.05,3.044522,healthy_traffic,flash_sale_3,flash_sale
0.693147,1,0,0,1,0,0,0,0.05,3.044522,healthy_traffic,flash_sale_3,flash_sale
0.693147,1,0,0,1,0,0,0,0.05,3.044522,healthy_traffic,flash_sale_3,flash_sale
1.098612,1,0,0,1,0,0,0,0.05,3.044522,healthy_traffic,flash_sale_3,flash_sale
1.098612,0.5,0.5,0,1,0,0,0,0.05,3.044522,healthy_traffic,flash_sale_3,flash_sale
1.098612,0.5,0.5,0,1,0,0,0,0.05,3.044522,healthy_traffic,flash_sale_3,flash_sale
1.098612,0.5,0.5,0,1,0,0,0,0.05,3.044522,healthy_traffic,flash_sale_3,flash_sale
0.693147,1,0,0,1,0,0,0,0.05,3.044522,healthy_traffic,flash_sale_3,flash_sale
0.693147,1,0,0,1,0,0,0,0.05,3.044522,healthy_traffic,flash_sale_3,flash_sale
0.693147,1,0,0,1,0,0,0,0.05,3.044522,healthy_traffic,flash_sale_3,flash_sale
0.693147,1,0,0,1,0,0,0,0.05,3.044522,healthy_traffic,flash_sale_3,flash_sale
1.609438,0.75,0.25,0,0.25,0,0.779586,1,0.230769,2.197225,healthy_traffic,customer_error_3,customer_error
1.386294,0.666667,0.333333,0,0.333333,0,0.246377,1,0.230769,2.197225,healthy_traffic,customer_error_3,customer_error
1.386294,0.666667,0.333333,0,0.333333,0,0.287356,1,0.230769,2.197225,healthy_traffic,customer_error_3,customer_error
1.386294,0.666667,0.333333,0,0.333333,0,0.163265,1,0.230769,2.197225,healthy_traffic,customer_error_3,customer_error
1.386294,0.333333,0.666667,0,0.666667,0,0.993413,0.5,0.230769,2.197225,healthy_traffic,customer_error_3,customer_error
1.098612,0.5,0.5,0,0.5,0,0,1,0.230769,2.197225,healthy_traffic,customer_error_3,customer_error
1.098612,0.5,0.5,0,0.5,0,0,1,0.230769,2.197225,healthy_traffic,customer_error_3,customer_error
1.098612,0.5,0.5,0,0.5,0,0,1,0.230769,2.197225,healthy_traffic,customer_error_3,customer_error
1.609438,0.75,0.25,0,0.25,0,0.779586,1,0.230769,2.197225,healthy_traffic,customer_error_3,customer_error
1.386294,0.666667,0.333333,0,0.333333,0,0.246377,1,0.230769,2.197225,healthy_traffic,customer_error_3,customer_error
1.386294,0.666667,0.333333,0,0.333333,0,0.287356,1,0.230769,2.197225,healthy_traffic,customer_error_3,customer_error
1.386294,0.666667,0.333333,0,0.333333,0,0.163265,1,0.230769,2.197225,healthy_traffic,customer_error_3,customer_error
1.386294,0.333333,0.666667,0,0.666667,0,0.993822,0.5,0.230769,2.197225,healthy_traffic,customer_error_3,customer_error
1.098612,0.5,0.5,0,0.5,0,0,1,0.230769,2.197225,healthy_traffic,customer_error_3,customer_error
1.098612,0.5,0.5,0,0.5,0,0,1,0.230769,2.197225,healthy_traffic,customer_error_3,customer_error
1.098612,0.5,0.5,0,0.5,0,0,1,0.230769,2.197225,healthy_traffic,customer_error_3,customer_error
4.584967,0.958763,0.041237,0,1,1,0.972341,0,1,0.693147,attack,attack_loud_4,attack_loud
4.584967,0.958763,0.041237,0,1,1,0.972341,0,1,0.693147,attack,attack_loud_4,attack_loud
1.386294,1,0,0,1,1,0.103509,0,0.038462,3.526361,attack,attack_distributed_4,attack_distributed
1.386294,1,0,0,1,1,0.136324,0,0.038462,3.526361,attack,attack_distributed_4,attack_distributed
1.386294,1,0,0,1,1,0.181513,0,0.038462,3.526361,attack,attack_distributed_4,attack_distributed
1.386294,1,0,0,1,1,0.103986,0,0.038462,3.526361,attack,attack_distributed_4,attack_distributed
1.386294,1,0,0,1,1,0.243805,0,0.038462,3.526361,attack,attack_distributed_4,attack_distributed
1.386294,1,0,0,1,1,0.274882,0,0.038462,3.526361,attack,attack_distributed_4,attack_distributed
1.386294,1,0,0,1,1,0.266142,0,0.038462,3.526361,attack,attack_distributed_4,attack_distributed
1.386294,1,0,0,1,1,0.368259,0,0.038462,3.526361,attack,attack_distributed_4,attack_distributed
1.609438,1,0,0,1,1,0.206636,0,0.038462,3.526361,attack,attack_distributed_4,attack_distributed
1.609438,1,0,0,1,1,0.26233,0,0.038462,3.526361,attack,attack_distributed_4,attack_distributed
1.609438,1,0,0,1,1,0.192641,0,0.038462,3.526361,attack,attack_distributed_4,attack_distributed
1.609438,1,0,0,1,1,0.304929,0,0.038462,3.526361,attack,attack_distributed_4,attack_distributed
1.609438,1,0,0,1,1,0.219834,0,0.038462,3.526361,attack,attack_distributed_4,attack_distributed
1.609438,1,0,0,1,1,0.270665,0,0.038462,3.526361,attack,attack_distributed_4,attack_distributed
1.609438,1,0,0,1,1,0.237332,0,0.038462,3.526361,attack,attack_distributed_4,attack_distributed
1.609438,1,0,0,1,1,0.340776,0,0.038462,3.526361,attack,attack_distributed_4,attack_distributed
2.833213,1,0,0,1,1,0.676325,0,0.275862,1.609438,attack,attack_low_amplitude_4,attack_low_amplitude
2.833213,0.875,0.125,0,1,1,0.635515,0,0.275862,1.609438,attack,attack_low_amplitude_4,attack_low_amplitude
2.772589,0.933333,0.066667,0,1,1,0.650693,0,0.275862,1.609438,attack,attack_low_amplitude_4,attack_low_amplitude
2.772589,0.933333,0.066667,0,1,1,0.498222,0,0.275862,1.609438,attack,attack_low_amplitude_4,attack_low_amplitude
3.465736,0.967742,0.032258,0,1,1,0.997489,0,0.275862,1.609438,attack,attack_low_amplitude_4,attack_low_amplitude
3.465736,0.903226,0.096774,0,1,1,0.85573,0,0.275862,1.609438,attack,attack_low_amplitude_4,attack_low_amplitude
1.098612,1,0,1,1,0,0,0,0.044444,3.78419,outage,gateway_outage_4,gateway_outage
1.098612,1,0,1,1,0,0,0,0.044444,3.78419,outage,gateway_outage_4,gateway_outage
1.098612,0.5,0.5,1,1,0,0,0,0.044444,3.78419,outage,gateway_outage_4,gateway_outage
1.098612,0.5,0.5,1,1,0,0,0,0.044444,3.78419,outage,gateway_outage_4,gateway_outage
1.098612,0.5,0.5,1,1,0,0,0,0.044444,3.78419,outage,gateway_outage_4,gateway_outage
0.693147,1,0,1,1,0,0,0,0.044444,3.78419,outage,gateway_outage_4,gateway_outage
0.693147,1,0,1,1,0,0,0,0.044444,3.78419,outage,gateway_outage_4,gateway_outage
0.693147,1,0,1,1,0,0,0,0.044444,3.78419,outage,gateway_outage_4,gateway_outage
1.098612,1,0,1,1,0,0,0,0.044444,3.78419,outage,gateway_outage_4,gateway_outage
1.098612,1,0,1,1,0,0,0,0.044444,3.78419,outage,gateway_outage_4,gateway_outage
1.098612,1,0,1,1,0,0,0,0.044444,3.78419,outage,gateway_outage_4,gateway_outage
1.098612,1,0,1,1,0,0,0,0.044444,3.78419,outage,gateway_outage_4,gateway_outage
1.098612,1,0,1,1,0,0,0,0.044444,3.78419,outage,gateway_outage_4,gateway_outage
1.098612,1,0,1,1,0,0,0,0.044444,3.78419,outage,gateway_outage_4,gateway_outage
1.098612,1,0,1,1,0,0,0,0.044444,3.78419,outage,gateway_outage_4,gateway_outage
1.098612,1,0,1,1,0,0,0,0.044444,3.78419,outage,gateway_outage_4,gateway_outage
3.496508,0.90625,0.09375,0,0.125,0,0.814629,0,0.5,1.098612,retry_storm,retry_storm_4,retry_storm
3.465736,0.935484,0.064516,0,0.129032,0,0.648091,0,0.5,1.098612,retry_storm,retry_storm_4,retry_storm
4.158883,0.920635,0.079365,0,0.126984,0,0.998883,0,0.5,1.098612,retry_storm,retry_storm_4,retry_storm
1.098612,0.5,0.5,0,1,0,0,0,0.2,1.791759,healthy_traffic,normal_traffic_4,normal_traffic
0.693147,1,0,0,1,0,0,0,0.2,1.791759,healthy_traffic,normal_traffic_4,normal_traffic
0.693147,1,0,0,1,0,0,0,0.2,1.791759,healthy_traffic,normal_traffic_4,normal_traffic
0.693147,1,0,0,1,0,0,0,0.2,1.791759,healthy_traffic,normal_traffic_4,normal_traffic
0.693147,1,0,0,1,0,0,0,0.2,1.791759,healthy_traffic,normal_traffic_4,normal_traffic
1.098612,0,1,0,1,0,0,0,0.2,1.791759,healthy_traffic,normal_traffic_4,normal_traffic
1.098612,0,1,0,1,0,0,0,0.2,1.791759,healthy_traffic,normal_traffic_4,normal_traffic
1.098612,0,1,0,1,0,0,0,0.2,1.791759,healthy_traffic,normal_traffic_4,normal_traffic
1.098612,0.5,0.5,0,1,0,0,0,0.2,1.791759,healthy_traffic,normal_traffic_4,normal_traffic
1.098612,0.5,0.5,0,1,0,0,0,0.2,1.791759,healthy_traffic,normal_traffic_4,normal_traffic
1.098612,0.5,0.5,0,1,0,0,0,0.2,1.791759,healthy_traffic,normal_traffic_4,normal_traffic
1.098612,0.5,0.5,0,1,0,0,0,0.2,1.791759,healthy_traffic,normal_traffic_4,normal_traffic
0.693147,1,0,0,1,0,0,0,0.2,1.791759,healthy_traffic,normal_traffic_4,normal_traffic
1.098612,0,1,0,1,0,0,0,0.2,1.791759,healthy_traffic,normal_traffic_4,normal_traffic
1.098612,0,1,0,1,0,0,0,0.2,1.791759,healthy_traffic,normal_traffic_4,normal_traffic
1.098612,0,1,0,1,0,0,0,0.2,1.791759,healthy_traffic,normal_traffic_4,normal_traffic
1.098612,0.5,0.5,0,1,0,0,0,0.037037,3.332205,healthy_traffic,flash_sale_4,flash_sale
1.098612,0.5,0.5,0,1,0,0,0,0.037037,3.332205,healthy_traffic,flash_sale_4,flash_sale
1.098612,0.5,0.5,0,1,0,0,0,0.037037,3.332205,healthy_traffic,flash_sale_4,flash_sale
1.098612,0.5,0.5,0,1,0,0,0,0.037037,3.332205,healthy_traffic,flash_sale_4,flash_sale
0.693147,1,0,0,1,0,0,0,0.037037,3.332205,healthy_traffic,flash_sale_4,flash_sale
0.693147,1,0,0,1,0,0,0,0.037037,3.332205,healthy_traffic,flash_sale_4,flash_sale
0.693147,1,0,0,1,0,0,0,0.037037,3.332205,healthy_traffic,flash_sale_4,flash_sale
0.693147,1,0,0,1,0,0,0,0.037037,3.332205,healthy_traffic,flash_sale_4,flash_sale
1.098612,1,0,0,1,0,0,0,0.037037,3.332205,healthy_traffic,flash_sale_4,flash_sale
1.098612,1,0,0,1,0,0,0,0.037037,3.332205,healthy_traffic,flash_sale_4,flash_sale
1.098612,1,0,0,1,0,0,0,0.037037,3.332205,healthy_traffic,flash_sale_4,flash_sale
1.098612,0.5,0.5,0,1,0,0,0,0.037037,3.332205,healthy_traffic,flash_sale_4,flash_sale
1.098612,0.5,0.5,0,1,0,0,0,0.037037,3.332205,healthy_traffic,flash_sale_4,flash_sale
1.098612,0.5,0.5,0,1,0,0,0,0.037037,3.332205,healthy_traffic,flash_sale_4,flash_sale
1.098612,0.5,0.5,0,1,0,0,0,0.037037,3.332205,healthy_traffic,flash_sale_4,flash_sale
1.098612,0.5,0.5,0,1,0,0,0,0.037037,3.332205,healthy_traffic,flash_sale_4,flash_sale
1.609438,0.75,0.25,0,0.25,0,0.368784,1,0.214286,2.079442,healthy_traffic,customer_error_4,customer_error
1.609438,0.75,0.25,0,0.25,0,0.490856,1,0.214286,2.079442,healthy_traffic,customer_error_4,customer_error
1.386294,0.666667,0.333333,0,0.333333,0,0.142857,1,0.214286,2.079442,healthy_traffic,customer_error_4,customer_error
1.386294,0.666667,0.333333,0,0.333333,0,0.142857,1,0.214286,2.079442,healthy_traffic,customer_error_4,customer_error
1.386294,0.666667,0.333333,0,0.333333,0,0.012658,1,0.214286,2.079442,healthy_traffic,customer_error_4,customer_error
1.386294,0.333333,0.666667,0,0.666667,0,0.994536,0.5,0.214286,2.079442,healthy_traffic,customer_error_4,customer_error
1.098612,0.5,0.5,0,0.5,0,0,1,0.214286,2.079442,healthy_traffic,customer_error_4,customer_error
1.098612,0,1,0,1,0,0,0,0.214286,2.079442,healthy_traffic,customer_error_4,customer_error
1.791759,0.6,0.4,0,0.4,0,1.642245,0.5,0.214286,2.079442,healthy_traffic,customer_error_4,customer_error
1.609438,0.75,0.25,0,0.25,0,0.368784,1,0.214286,2.079442,healthy_traffic,customer_error_4,customer_error
1.609438,0.5,0.5,0,0.5,0,1.346393,0.5,0.214286,2.079442,healthy_traffic,customer_error_4,customer_error
1.609438,0.5,0.5,0,0.5,0,1.358978,0.5,0.214286,2.079442,healthy_traffic,customer_error_4,customer_error
1.609438,0.5,0.5,0,0.5,0,1.394564,0.5,0.214286,2.079442,healthy_traffic,customer_error_4,customer_error
1.386294,0.333333,0.666667,0,0.666667,0,0.990323,0.5,0.214286,2.079442,healthy_traffic,customer_error_4,customer_error
1.386294,0.333333,0.666667,0,0.666667,0,0.982278,0.5,0.214286,2.079442,healthy_traffic,customer_error_4,customer_error
1.098612,0,1,0,1,0,0,0,0.214286,2.079442,healthy_traffic,customer_error_4,customer_error
3.931826,0.94,0.06,0,1,1,0.981692,0,1,0.693147,attack,attack_loud_5,attack_loud
3.931826,0.94,0.06,0,1,1,0.981692,0,1,0.693147,attack,attack_loud_5,attack_loud
1.098612,1,0,0,1,1,0,0,0.046512,3.218876,attack,attack_distributed_5,attack_distributed
1.098612,1,0,0,1,1,0,0,0.046512,3.218876,attack,attack_distributed_5,attack_distributed
1.098612,1,0,0,1,1,0,0,0.046512,3.218876,attack,attack_distributed_5,attack_distributed
1.098612,1,0,0,1,1,0,0,0.046512,3.218876,attack,attack_distributed_5,attack_distributed
1.098612,1,0,0,1,1,0,0,0.046512,3.218876,attack,attack_distributed_5,attack_distributed
1.098612,1,0,0,1,1,0,0,0.046512,3.218876,attack,attack_distributed_5,attack_distributed
1.098612,1,0,0,1,1,0,0,0.046512,3.218876,attack,attack_distributed_5,attack_distributed
1.098612,1,0,0,1,1,0,0,0.046512,3.218876,attack,attack_distributed_5,attack_distributed
1.098612,1,0,0,1,1,0,0,0.046512,3.218876,attack,attack_distributed_5,attack_distributed
1.098612,1,0,0,1,1,0,0,0.046512,3.218876,attack,attack_distributed_5,attack_distributed
1.098612,1,0,0,1,1,0,0,0.046512,3.218876,attack,attack_distributed_5,attack_distributed
1.098612,1,0,0,1,1,0,0,0.046512,3.218876,attack,attack_distributed_5,attack_distributed
1.098612,1,0,0,1,1,0,0,0.046512,3.218876,attack,attack_distributed_5,attack_distributed
1.098612,1,0,0,1,1,0,0,0.046512,3.218876,attack,attack_distributed_5,attack_distributed
1.098612,1,0,0,1,1,0,0,0.046512,3.218876,attack,attack_distributed_5,attack_distributed
1.098612,1,0,0,1,1,0,0,0.046512,3.218876,attack,attack_distributed_5,attack_distributed
2.944439,0.888889,0.111111,0,1,1,0.579124,0,0.5,1.098612,attack,attack_low_amplitude_5,attack_low_amplitude
2.890372,0.941176,0.058824,0,1,1,0.634057,0,0.5,1.098612,attack,attack_low_amplitude_5,attack_low_amplitude
2.564949,0.916667,0.083333,0,1,1,0.41143,0,0.5,1.098612,attack,attack_low_amplitude_5,attack_low_amplitude
2.484907,1,0,0,1,1,0.43234,0,0.5,1.098612,attack,attack_low_amplitude_5,attack_low_amplitude
2.564949,0.833333,0.166667,0,1,1,0.562714,0,0.5,1.098612,attack,attack_low_amplitude_5,attack_low_amplitude
0.693147,1,0,1,1,0,0,0,0.035714,3.367296,outage,gateway_outage_5,gateway_outage
0.693147,1,0,1,1,0,0,0,0.035714,3.367296,outage,gateway_outage_5,gateway_outage
0.693147,1,0,1,1,0,0,0,0.035714,3.367296,outage,gateway_outage_5,gateway_outage
0.693147,1,0,1,1,0,0,0,0.035714,3.367296,outage,gateway_outage_5,gateway_outage
0.693147,1,0,1,1,0,0,0,0.035714,3.367296,outage,gateway_outage_5,gateway_outage
0.693147,1,0,1,1,0,0,0,0.035714,3.367296,outage,gateway_outage_5,gateway_outage
0.693147,1,0,1,1,0,0,0,0.035714,3.367296,outage,gateway_outage_5,gateway_outage
0.693147,1,0,1,1,0,0,0,0.035714,3.367296,outage,gateway_outage_5,gateway_outage
0.693147,1,0,1,1,0,0,0,0.035714,3.367296,outage,gateway_outage_5,gateway_outage
0.693147,1,0,1,1,0,0,0,0.035714,3.367296,outage,gateway_outage_5,gateway_outage
0.693147,1,0,1,1,0,0,0,0.035714,3.367296,outage,gateway_outage_5,gateway_outage
0.693147,1,0,1,1,0,0,0,0.035714,3.367296,outage,gateway_outage_5,gateway_outage
0.693147,1,0,1,1,0,0,0,0.035714,3.367296,outage,gateway_outage_5,gateway_outage
0.693147,1,0,1,1,0,0,0,0.035714,3.367296,outage,gateway_outage_5,gateway_outage
0.693147,1,0,1,1,0,0,0,0.035714,3.367296,outage,gateway_outage_5,gateway_outage
0.693147,1,0,1,1,0,0,0,0.035714,3.367296,outage,gateway_outage_5,gateway_outage
3.713572,0.8,0.2,0,0.2,0,0.958764,0,1,0.693147,retry_storm,retry_storm_5,retry_storm
3.044522,0.9,0.1,0,0.2,0,0.730392,0,1,0.693147,retry_storm,retry_storm_5,retry_storm
3.044522,0.7,0.3,0,0.2,0,0.747385,0,1,0.693147,retry_storm,retry_storm_5,retry_storm
0.693147,1,0,0,1,0,0,0,0.25,1.609438,healthy_traffic,normal_traffic_5,normal_traffic
0.693147,1,0,0,1,0,0,0,0.25,1.609438,healthy_traffic,normal_traffic_5,normal_traffic
0.693147,1,0,0,1,0,0,0,0.25,1.609438,healthy_traffic,normal_traffic_5,normal_traffic
0.693147,1,0,0,1,0,0,0,0.25,1.609438,healthy_traffic,normal_traffic_5,normal_traffic
0.693147,0,1,0,1,0,0,0,0.25,1.609438,healthy_traffic,normal_traffic_5,normal_traffic
0.693147,0,1,0,1,0,0,0,0.25,1.609438,healthy_traffic,normal_traffic_5,normal_traffic
0.693147,0,1,0,1,0,0,0,0.25,1.609438,healthy_traffic,normal_traffic_5,normal_traffic
0.693147,0,1,0,1,0,0,0,0.25,1.609438,healthy_traffic,normal_traffic_5,normal_traffic
0.693147,1,0,0,1,0,0,0,0.25,1.609438,healthy_traffic,normal_traffic_5,normal_traffic
0.693147,1,0,0,1,0,0,0,0.25,1.609438,healthy_traffic,normal_traffic_5,normal_traffic
0.693147,1,0,0,1,0,0,0,0.25,1.609438,healthy_traffic,normal_traffic_5,normal_traffic
0.693147,1,0,0,1,0,0,0,0.25,1.609438,healthy_traffic,normal_traffic_5,normal_traffic
0.693147,0,1,0,1,0,0,0,0.25,1.609438,healthy_traffic,normal_traffic_5,normal_traffic
0.693147,0,1,0,1,0,0,0,0.25,1.609438,healthy_traffic,normal_traffic_5,normal_traffic
0.693147,0,1,0,1,0,0,0,0.25,1.609438,healthy_traffic,normal_traffic_5,normal_traffic
0.693147,0,1,0,1,0,0,0,0.25,1.609438,healthy_traffic,normal_traffic_5,normal_traffic
0.693147,1,0,0,1,0,0,0,0.076923,2.639057,healthy_traffic,flash_sale_5,flash_sale
0.693147,1,0,0,1,0,0,0,0.076923,2.639057,healthy_traffic,flash_sale_5,flash_sale
0.693147,1,0,0,1,0,0,0,0.076923,2.639057,healthy_traffic,flash_sale_5,flash_sale
0.693147,1,0,0,1,0,0,0,0.076923,2.639057,healthy_traffic,flash_sale_5,flash_sale
0.693147,1,0,0,1,0,0,0,0.076923,2.639057,healthy_traffic,flash_sale_5,flash_sale
0.693147,1,0,0,1,0,0,0,0.076923,2.639057,healthy_traffic,flash_sale_5,flash_sale
0.693147,1,0,0,1,0,0,0,0.076923,2.639057,healthy_traffic,flash_sale_5,flash_sale
0.693147,1,0,0,1,0,0,0,0.076923,2.639057,healthy_traffic,flash_sale_5,flash_sale
0.693147,1,0,0,1,0,0,0,0.076923,2.639057,healthy_traffic,flash_sale_5,flash_sale
0.693147,1,0,0,1,0,0,0,0.076923,2.639057,healthy_traffic,flash_sale_5,flash_sale
0.693147,1,0,0,1,0,0,0,0.076923,2.639057,healthy_traffic,flash_sale_5,flash_sale
0.693147,1,0,0,1,0,0,0,0.076923,2.639057,healthy_traffic,flash_sale_5,flash_sale
0.693147,1,0,0,1,0,0,0,0.076923,2.639057,healthy_traffic,flash_sale_5,flash_sale
0.693147,1,0,0,1,0,0,0,0.076923,2.639057,healthy_traffic,flash_sale_5,flash_sale
0.693147,1,0,0,1,0,0,0,0.076923,2.639057,healthy_traffic,flash_sale_5,flash_sale
0.693147,1,0,0,1,0,0,0,0.076923,2.639057,healthy_traffic,flash_sale_5,flash_sale
1.609438,0.75,0.25,0,0.25,0,0.533938,1,0.428571,1.609438,healthy_traffic,customer_error_5,customer_error
1.386294,0.666667,0.333333,0,0.333333,0,0.464286,1,0.428571,1.609438,healthy_traffic,customer_error_5,customer_error
1.098612,0.5,0.5,0,0.5,0,0,1,0.428571,1.609438,healthy_traffic,customer_error_5,customer_error
1.098612,0.5,0.5,0,0.5,0,0,1,0.428571,1.609438,healthy_traffic,customer_error_5,customer_error
0.693147,0,1,0,1,0,0,0,0.428571,1.609438,healthy_traffic,customer_error_5,customer_error
0.693147,0,1,0,1,0,0,0,0.428571,1.609438,healthy_traffic,customer_error_5,customer_error
0.693147,0,1,0,1,0,0,0,0.428571,1.609438,healthy_traffic,customer_error_5,customer_error
0.693147,0,1,0,1,0,0,0,0.428571,1.609438,healthy_traffic,customer_error_5,customer_error
1.609438,0.75,0.25,0,0.25,0,0.533938,1,0.428571,1.609438,healthy_traffic,customer_error_5,customer_error
1.386294,0.666667,0.333333,0,0.333333,0,0.464286,1,0.428571,1.609438,healthy_traffic,customer_error_5,customer_error
1.098612,0.5,0.5,0,0.5,0,0,1,0.428571,1.609438,healthy_traffic,customer_error_5,customer_error
1.098612,0.5,0.5,0,0.5,0,0,1,0.428571,1.609438,healthy_traffic,customer_error_5,customer_error
0.693147,0,1,0,1,0,0,0,0.428571,1.609438,healthy_traffic,customer_error_5,customer_error
0.693147,0,1,0,1,0,0,0,0.428571,1.609438,healthy_traffic,customer_error_5,customer_error
0.693147,0,1,0,1,0,0,0,0.428571,1.609438,healthy_traffic,customer_error_5,customer_error
0.693147,0,1,0,1,0,0,0,0.428571,1.609438,healthy_traffic,customer_error_5,customer_error
3.988984,0.962264,0.037736,0,1,1,1.384909,0,1,0.693147,attack,attack_loud_6,attack_loud
3.988984,0.962264,0.037736,0,1,1,1.384909,0,1,0.693147,attack,attack_loud_6,attack_loud
1.098612,1,0,0,1,1,0,0,0.045455,3.555348,attack,attack_distributed_6,attack_distributed
1.098612,1,0,0,1,1,0,0,0.045455,3.555348,attack,attack_distributed_6,attack_distributed
1.098612,1,0,0,1,1,0,0,0.045455,3.555348,attack,attack_distributed_6,attack_distributed
1.098612,1,0,0,1,1,0,0,0.045455,3.555348,attack,attack_distributed_6,attack_distributed
1.098612,1,0,0,1,1,0,0,0.045455,3.555348,attack,attack_distributed_6,attack_distributed
1.098612,1,0,0,1,1,0,0,0.045455,3.555348,attack,attack_distributed_6,attack_distributed
1.098612,1,0,0,1,1,0,0,0.045455,3.555348,attack,attack_distributed_6,attack_distributed
1.098612,1,0,0,1,1,0,0,0.045455,3.555348,attack,attack_distributed_6,attack_distributed
1.098612,1,0,0,1,1,0,0,0.045455,3.555348,attack,attack_distributed_6,attack_distributed
1.098612,1,0,0,1,1,0,0,0.045455,3.555348,attack,attack_distributed_6,attack_distributed
1.098612,1,0,0,1,1,0,0,0.045455,3.555348,attack,attack_distributed_6,attack_distributed
1.098612,1,0,0,1,1,0,0,0.045455,3.555348,attack,attack_distributed_6,attack_distributed
1.098612,1,0,0,1,1,0,0,0.045455,3.555348,attack,attack_distributed_6,attack_distributed
1.098612,1,0,0,1,1,0,0,0.045455,3.555348,attack,attack_distributed_6,attack_distributed
1.098612,1,0,0,1,1,0,0,0.045455,3.555348,attack,attack_distributed_6,attack_distributed
1.098612,1,0,0,1,1,0,0,0.045455,3.555348,attack,attack_distributed_6,attack_distributed
2.397895,0.9,0.1,0,1,1,0.467135,0,0.264706,1.609438,attack,attack_low_amplitude_6,attack_low_amplitude
2.302585,1,0,0,1,1,0.433478,0,0.264706,1.609438,attack,attack_low_amplitude_6,attack_low_amplitude
2.302585,0.888889,0.111111,0,1,1,0.458153,0,0.264706,1.609438,attack,attack_low_amplitude_6,attack_low_amplitude
2.302585,0.888889,0.111111,0,1,1,0.460433,0,0.264706,1.609438,attack,attack_low_amplitude_6,attack_low_amplitude
2.639057,1,0,0,1,1,0.487508,0,0.264706,1.609438,attack,attack_low_amplitude_6,attack_low_amplitude
2.564949,0.916667,0.083333,0,1,1,0.438482,0,0.264706,1.609438,attack,attack_low_amplitude_6,attack_low_amplitude
2.564949,0.833333,0.166667,0,1,1,0.610397,0,0.264706,1.609438,attack,attack_low_amplitude_6,attack_low_amplitude
0.693147,1,0,1,1,0,0,0,0.038462,3.295837,outage,gateway_outage_6,gateway_outage
0.693147,1,0,1,1,0,0,0,0.038462,3.295837,outage,gateway_outage_6,gateway_outage
0.693147,1,0,1,1,0,0,0,0.038462,3.295837,outage,gateway_outage_6,gateway_outage
0.693147,1,0,1,1,0,0,0,0.038462,3.295837,outage,gateway_outage_6,gateway_outage
0.693147,1,0,1,1,0,0,0,0.038462,3.295837,outage,gateway_outage_6,gateway_outage
0.693147,1,0,1,1,0,0,0,0.038462,3.295837,outage,gateway_outage_6,gateway_outage
0.693147,1,0,1,1,0,0,0,0.038462,3.295837,outage,gateway_outage_6,gateway_outage
0.693147,1,0,1,1,0,0,0,0.038462,3.295837,outage,gateway_outage_6,gateway_outage
0.693147,1,0,1,1,0,0,0,0.038462,3.295837,outage,gateway_outage_6,gateway_outage
0.693147,1,0,1,1,0,0,0,0.038462,3.295837,outage,gateway_outage_6,gateway_outage
0.693147,1,0,1,1,0,0,0,0.038462,3.295837,outage,gateway_outage_6,gateway_outage
0.693147,1,0,1,1,0,0,0,0.038462,3.295837,outage,gateway_outage_6,gateway_outage
0.693147,1,0,1,1,0,0,0,0.038462,3.295837,outage,gateway_outage_6,gateway_outage
0.693147,1,0,1,1,0,0,0,0.038462,3.295837,outage,gateway_outage_6,gateway_outage
0.693147,1,0,1,1,0,0,0,0.038462,3.295837,outage,gateway_outage_6,gateway_outage
0.693147,1,0,1,1,0,0,0,0.038462,3.295837,outage,gateway_outage_6,gateway_outage
2.70805,0.714286,0.285714,0,0.571429,0,0.562179,0,0.37037,1.386294,retry_storm,retry_storm_6,retry_storm
2.70805,0.714286,0.285714,0,0.571429,0,0.475075,0,0.37037,1.386294,retry_storm,retry_storm_6,retry_storm
2.639057,0.538462,0.461538,0,0.615385,0,0.429302,0,0.37037,1.386294,retry_storm,retry_storm_6,retry_storm
3.091042,0.714286,0.285714,0,0.190476,0,0.630148,0,0.37037,1.386294,retry_storm,retry_storm_6,retry_storm
3.044522,0.6,0.4,0,0.2,0,0.604158,0,0.37037,1.386294,retry_storm,retry_storm_6,retry_storm
0.693147,0,1,0,1,0,0,0,0,0,healthy_traffic,normal_traffic_6,normal_traffic
0.693147,0,1,0,1,0,0,0,0,0,healthy_traffic,normal_traffic_6,normal_traffic
0.693147,0,1,0,1,0,0,0,0,0,healthy_traffic,normal_traffic_6,normal_traffic
0.693147,0,1,0,1,0,0,0,0,0,healthy_traffic,normal_traffic_6,normal_traffic
0.693147,0,1,0,1,0,0,0,0,0,healthy_traffic,normal_traffic_6,normal_traffic
0.693147,0,1,0,1,0,0,0,0,0,healthy_traffic,normal_traffic_6,normal_traffic
0.693147,0,1,0,1,0,0,0,0,0,healthy_traffic,normal_traffic_6,normal_traffic
0.693147,0,1,0,1,0,0,0,0,0,healthy_traffic,normal_traffic_6,normal_traffic
0.693147,0,1,0,1,0,0,0,0,0,healthy_traffic,normal_traffic_6,normal_traffic
0.693147,0,1,0,1,0,0,0,0,0,healthy_traffic,normal_traffic_6,normal_traffic
0.693147,0,1,0,1,0,0,0,0,0,healthy_traffic,normal_traffic_6,normal_traffic
0.693147,0,1,0,1,0,0,0,0,0,healthy_traffic,normal_traffic_6,normal_traffic
0.693147,0,1,0,1,0,0,0,0,0,healthy_traffic,normal_traffic_6,normal_traffic
0.693147,0,1,0,1,0,0,0,0,0,healthy_traffic,normal_traffic_6,normal_traffic
0.693147,0,1,0,1,0,0,0,0,0,healthy_traffic,normal_traffic_6,normal_traffic
0.693147,0,1,0,1,0,0,0,0,0,healthy_traffic,normal_traffic_6,normal_traffic
0.693147,1,0,0,1,0,0,0,0.142857,2.079442,healthy_traffic,flash_sale_6,flash_sale
0.693147,1,0,0,1,0,0,0,0.142857,2.079442,healthy_traffic,flash_sale_6,flash_sale
0.693147,1,0,0,1,0,0,0,0.142857,2.079442,healthy_traffic,flash_sale_6,flash_sale
0.693147,1,0,0,1,0,0,0,0.142857,2.079442,healthy_traffic,flash_sale_6,flash_sale
0.693147,1,0,0,1,0,0,0,0.142857,2.079442,healthy_traffic,flash_sale_6,flash_sale
0.693147,1,0,0,1,0,0,0,0.142857,2.079442,healthy_traffic,flash_sale_6,flash_sale
0.693147,1,0,0,1,0,0,0,0.142857,2.079442,healthy_traffic,flash_sale_6,flash_sale
0.693147,0,1,0,1,0,0,0,0.142857,2.079442,healthy_traffic,flash_sale_6,flash_sale
0.693147,1,0,0,1,0,0,0,0.142857,2.079442,healthy_traffic,flash_sale_6,flash_sale
0.693147,1,0,0,1,0,0,0,0.142857,2.079442,healthy_traffic,flash_sale_6,flash_sale
0.693147,1,0,0,1,0,0,0,0.142857,2.079442,healthy_traffic,flash_sale_6,flash_sale
0.693147,1,0,0,1,0,0,0,0.142857,2.079442,healthy_traffic,flash_sale_6,flash_sale
0.693147,1,0,0,1,0,0,0,0.142857,2.079442,healthy_traffic,flash_sale_6,flash_sale
0.693147,1,0,0,1,0,0,0,0.142857,2.079442,healthy_traffic,flash_sale_6,flash_sale
0.693147,1,0,0,1,0,0,0,0.142857,2.079442,healthy_traffic,flash_sale_6,flash_sale
0.693147,0,1,0,1,0,0,0,0.142857,2.079442,healthy_traffic,flash_sale_6,flash_sale
1.609438,0.75,0.25,0,0.25,0,0.534522,1,0.428571,1.609438,healthy_traffic,customer_error_6,customer_error
1.386294,0.666667,0.333333,0,0.333333,0,0.128205,1,0.428571,1.609438,healthy_traffic,customer_error_6,customer_error
1.098612,0.5,0.5,0,0.5,0,0,1,0.428571,1.609438,healthy_traffic,customer_error_6,customer_error
1.098612,0.5,0.5,0,0.5,0,0,1,0.428571,1.609438,healthy_traffic,customer_error_6,customer_error
0.693147,0,1,0,1,0,0,0,0.428571,1.609438,healthy_traffic,customer_error_6,customer_error
0.693147,0,1,0,1,0,0,0,0.428571,1.609438,healthy_traffic,customer_error_6,customer_error
0.693147,0,1,0,1,0,0,0,0.428571,1.609438,healthy_traffic,customer_error_6,customer_error
0.693147,0,1,0,1,0,0,0,0.428571,1.609438,healthy_traffic,customer_error_6,customer_error
1.609438,0.75,0.25,0,0.25,0,0.534522,1,0.428571,1.609438,healthy_traffic,customer_error_6,customer_error
1.386294,0.666667,0.333333,0,0.333333,0,0.128205,1,0.428571,1.609438,healthy_traffic,customer_error_6,customer_error
1.098612,0.5,0.5,0,0.5,0,0,1,0.428571,1.609438,healthy_traffic,customer_error_6,customer_error
1.098612,0.5,0.5,0,0.5,0,0,1,0.428571,1.609438,healthy_traffic,customer_error_6,customer_error
0.693147,0,1,0,1,0,0,0,0.428571,1.609438,healthy_traffic,customer_error_6,customer_error
0.693147,0,1,0,1,0,0,0,0.428571,1.609438,healthy_traffic,customer_error_6,customer_error
0.693147,0,1,0,1,0,0,0,0.428571,1.609438,healthy_traffic,customer_error_6,customer_error
0.693147,0,1,0,1,0,0,0,0.428571,1.609438,healthy_traffic,customer_error_6,customer_error
4.488636,0.988636,0.011364,0,1,1,1.045951,0,1,0.693147,attack,attack_loud_7,attack_loud
4.488636,0.988636,0.011364,0,1,1,1.045951,0,1,0.693147,attack,attack_loud_7,attack_loud
1.386294,1,0,0,1,1,0.129832,0,0.041667,3.555348,attack,attack_distributed_7,attack_distributed
1.386294,1,0,0,1,1,0.106816,0,0.041667,3.555348,attack,attack_distributed_7,attack_distributed
1.386294,1,0,0,1,1,0.127421,0,0.041667,3.555348,attack,attack_distributed_7,attack_distributed
1.386294,1,0,0,1,1,0.148815,0,0.041667,3.555348,attack,attack_distributed_7,attack_distributed
1.386294,0.666667,0.333333,0,1,1,0.199603,0,0.041667,3.555348,attack,attack_distributed_7,attack_distributed
1.098612,1,0,0,1,1,0,0,0.041667,3.555348,attack,attack_distributed_7,attack_distributed
1.098612,1,0,0,1,1,0,0,0.041667,3.555348,attack,attack_distributed_7,attack_distributed
1.098612,1,0,0,1,1,0,0,0.041667,3.555348,attack,attack_distributed_7,attack_distributed
1.386294,1,0,0,1,1,0.166844,0,0.041667,3.555348,attack,attack_distributed_7,attack_distributed
1.386294,1,0,0,1,1,0.115385,0,0.041667,3.555348,attack,attack_distributed_7,attack_distributed
1.386294,1,0,0,1,1,0.109442,0,0.041667,3.555348,attack,attack_distributed_7,attack_distributed
1.386294,1,0,0,1,1,0.065076,0,0.041667,3.555348,attack,attack_distributed_7,attack_distributed
1.386294,1,0,0,1,1,0.14555,0,0.041667,3.555348,attack,attack_distributed_7,attack_distributed
1.386294,1,0,0,1,1,0.183069,0,0.041667,3.555348,attack,attack_distributed_7,attack_distributed
1.386294,1,0,0,1,1,0.124005,0,0.041667,3.555348,attack,attack_distributed_7,attack_distributed
1.386294,1,0,0,1,1,0.121495,0,0.041667,3.555348,attack,attack_distributed_7,attack_distributed
2.772589,1,0,0,1,1,0.547695,0,0.272727,1.609438,attack,attack_low_amplitude_7,attack_low_amplitude
2.70805,1,0,0,1,1,0.545484,0,0.272727,1.609438,attack,attack_low_amplitude_7,attack_low_amplitude
2.70805,0.928571,0.071429,0,1,1,0.50387,0,0.272727,1.609438,attack,attack_low_amplitude_7,attack_low_amplitude
2.70805,0.928571,0.071429,0,1,1,0.657494,0,0.272727,1.609438,attack,attack_low_amplitude_7,attack_low_amplitude
2.995732,1,0,0,1,1,0.575927,0,0.272727,1.609438,attack,attack_low_amplitude_7,attack_low_amplitude
2.995732,0.947368,0.052632,0,1,1,0.719303,0,0.272727,1.609438,attack,attack_low_amplitude_7,attack_low_amplitude
2.995732,0.947368,0.052632,0,1,1,0.700429,0,0.272727,1.609438,attack,attack_low_amplitude_7,attack_low_amplitude
0.693147,1,0,1,1,0,0,0,0.022222,3.828641,outage,gateway_outage_7,gateway_outage
0.693147,1,0,1,1,0,0,0,0.022222,3.828641,outage,gateway_outage_7,gateway_outage
0.693147,1,0,1,1,0,0,0,0.022222,3.828641,outage,gateway_outage_7,gateway_outage
0.693147,1,0,1,1,0,0,0,0.022222,3.828641,outage,gateway_outage_7,gateway_outage
0.693147,1,0,1,1,0,0,0,0.022222,3.828641,outage,gateway_outage_7,gateway_outage
0.693147,1,0,1,1,0,0,0,0.022222,3.828641,outage,gateway_outage_7,gateway_outage
0.693147,1,0,1,1,0,0,0,0.022222,3.828641,outage,gateway_outage_7,gateway_outage
0.693147,1,0,1,1,0,0,0,0.022222,3.828641,outage,gateway_outage_7,gateway_outage
1.098612,1,0,1,1,0,0,0,0.022222,3.828641,outage,gateway_outage_7,gateway_outage
1.098612,1,0,1,1,0,0,0,0.022222,3.828641,outage,gateway_outage_7,gateway_outage
1.098612,1,0,1,1,0,0,0,0.022222,3.828641,outage,gateway_outage_7,gateway_outage
1.098612,1,0,1,1,0,0,0,0.022222,3.828641,outage,gateway_outage_7,gateway_outage
1.098612,0.5,0.5,1,1,0,0,0,0.022222,3.828641,outage,gateway_outage_7,gateway_outage
1.098612,0.5,0.5,1,1,0,0,0,0.022222,3.828641,outage,gateway_outage_7,gateway_outage
1.098612,0.5,0.5,1,1,0,0,0,0.022222,3.828641,outage,gateway_outage_7,gateway_outage
0.693147,1,0,1,1,0,0,0,0.022222,3.828641,outage,gateway_outage_7,gateway_outage
3.044522,0.95,0.05,0,0.4,0,0.626794,0,0.358491,1.386294,retry_storm,retry_storm_7,retry_storm
3.044522,0.9,0.1,0,0.4,0,0.600217,0,0.358491,1.386294,retry_storm,retry_storm_7,retry_storm
2.995732,0.842105,0.157895,0,0.421053,0,0.709723,0,0.358491,1.386294,retry_storm,retry_storm_7,retry_storm
3.401197,0.931034,0.068966,0,0.137931,0,0.740712,0,0.358491,1.386294,retry_storm,retry_storm_7,retry_storm
3.433987,0.866667,0.133333,0,0.133333,0,0.830999,0,0.358491,1.386294,retry_storm,retry_storm_7,retry_storm
0.693147,1,0,0,1,0,0,0,0.166667,1.94591,healthy_traffic,normal_traffic_7,normal_traffic
0.693147,1,0,0,1,0,0,0,0.166667,1.94591,healthy_traffic,normal_traffic_7,normal_traffic
0.693147,1,0,0,1,0,0,0,0.166667,1.94591,healthy_traffic,normal_traffic_7,normal_traffic
0.693147,1,0,0,1,0,0,0,0.166667,1.94591,healthy_traffic,normal_traffic_7,normal_traffic
0.693147,1,0,0,1,0,0,0,0.166667,1.94591,healthy_traffic,normal_traffic_7,normal_traffic
0.693147,1,0,0,1,0,0,0,0.166667,1.94591,healthy_traffic,normal_traffic_7,normal_traffic
0.693147,0,1,0,1,0,0,0,0.166667,1.94591,healthy_traffic,normal_traffic_7,normal_traffic
0.693147,0,1,0,1,0,0,0,0.166667,1.94591,healthy_traffic,normal_traffic_7,normal_traffic
1.098612,0.5,0.5,0,1,0,0,0,0.166667,1.94591,healthy_traffic,normal_traffic_7,normal_traffic
1.098612,0.5,0.5,0,1,0,0,0,0.166667,1.94591,healthy_traffic,normal_traffic_7,normal_traffic
1.098612,0.5,0.5,0,1,0,0,0,0.166667,1.94591,healthy_traffic,normal_traffic_7,normal_traffic
0.693147,1,0,0,1,0,0,0,0.166667,1.94591,healthy_traffic,normal_traffic_7,normal_traffic
0.693147,1,0,0,1,0,0,0,0.166667,1.94591,healthy_traffic,normal_traffic_7,normal_traffic
0.693147,1,0,0,1,0,0,0,0.166667,1.94591,healthy_traffic,normal_traffic_7,normal_traffic
1.098612,0,1,0,1,0,0,0,0.166667,1.94591,healthy_traffic,normal_traffic_7,normal_traffic
1.098612,0,1,0,1,0,0,0,0.166667,1.94591,healthy_traffic,normal_traffic_7,normal_traffic
0.693147,1,0,0,1,0,0,0,0.043478,3.178054,healthy_traffic,flash_sale_7,flash_sale
0.693147,1,0,0,1,0,0,0,0.043478,3.178054,healthy_traffic,flash_sale_7,flash_sale
0.693147,1,0,0,1,0,0,0,0.043478,3.178054,healthy_traffic,flash_sale_7,flash_sale
0.693147,1,0,0,1,0,0,0,0.043478,3.178054,healthy_traffic,flash_sale_7,flash_sale
0.693147,1,0,0,1,0,0,0,0.043478,3.178054,healthy_traffic,flash_sale_7,flash_sale
0.693147,1,0,0,1,0,0,0,0.043478,3.178054,healthy_traffic,flash_sale_7,flash_sale
0.693147,1,0,0,1,0,0,0,0.043478,3.178054,healthy_traffic,flash_sale_7,flash_sale
0.693147,1,0,0,1,0,0,0,0.043478,3.178054,healthy_traffic,flash_sale_7,flash_sale
1.098612,1,0,0,1,0,0,0,0.043478,3.178054,healthy_traffic,flash_sale_7,flash_sale
1.098612,0.5,0.5,0,1,0,0,0,0.043478,3.178054,healthy_traffic,flash_sale_7,flash_sale
1.098612,0.5,0.5,0,1,0,0,0,0.043478,3.178054,healthy_traffic,flash_sale_7,flash_sale
1.098612,0.5,0.5,0,1,0,0,0,0.043478,3.178054,healthy_traffic,flash_sale_7,flash_sale
1.098612,0.5,0.5,0,1,0,0,0,0.043478,3.178054,healthy_traffic,flash_sale_7,flash_sale
0.693147,1,0,0,1,0,0,0,0.043478,3.178054,healthy_traffic,flash_sale_7,flash_sale
0.693147,1,0,0,1,0,0,0,0.043478,3.178054,healthy_traffic,flash_sale_7,flash_sale
0.693147,1,0,0,1,0,0,0,0.043478,3.178054,healthy_traffic,flash_sale_7,flash_sale
1.609438,0.75,0.25,0,0.25,0,0.529956,1,0.157895,2.197225,healthy_traffic,customer_error_7,customer_error
1.609438,0.75,0.25,0,0.25,0,0.23184,1,0.157895,2.197225,healthy_traffic,customer_error_7,customer_error
1.609438,0.75,0.25,0,0.25,0,0.577586,1,0.157895,2.197225,healthy_traffic,customer_error_7,customer_error
1.609438,0.75,0.25,0,0.25,0,0.16402,1,0.157895,2.197225,healthy_traffic,customer_error_7,customer_error
1.609438,0.75,0.25,0,0.25,0,0.458126,1,0.157895,2.197225,healthy_traffic,customer_error_7,customer_error
1.386294,0.666667,0.333333,0,0.333333,0,0.484848,1,0.157895,2.197225,healthy_traffic,customer_error_7,customer_error
1.098612,0.5,0.5,0,0.5,0,0,1,0.157895,2.197225,healthy_traffic,customer_error_7,customer_error
1.098612,0.5,0.5,0,0.5,0,0,1,0.157895,2.197225,healthy_traffic,customer_error_7,customer_error
1.791759,0.6,0.4,0,0.4,0,1.625089,0.5,0.157895,2.197225,healthy_traffic,customer_error_7,customer_error
1.791759,0.6,0.4,0,0.4,0,1.668388,0.5,0.157895,2.197225,healthy_traffic,customer_error_7,customer_error
1.609438,0.75,0.25,0,0.25,0,0.529956,1,0.157895,2.197225,healthy_traffic,customer_error_7,customer_error
1.609438,0.75,0.25,0,0.25,0,0.23184,1,0.157895,2.197225,healthy_traffic,customer_error_7,customer_error
1.609438,0.75,0.25,0,0.25,0,0.577586,1,0.157895,2.197225,healthy_traffic,customer_error_7,customer_error
1.386294,0.666667,0.333333,0,0.333333,0,0.484848,1,0.157895,2.197225,healthy_traffic,customer_error_7,customer_error
1.386294,0.333333,0.666667,0,0.666667,0,0.976953,0.5,0.157895,2.197225,healthy_traffic,customer_error_7,customer_error
1.098612,0.5,0.5,0,0.5,0,0,1,0.157895,2.197225,healthy_traffic,customer_error_7,customer_error
4.624973,0.980198,0.019802,0,1,1,1.216497,0,1,0.693147,attack,attack_loud_8,attack_loud
4.624973,0.980198,0.019802,0,1,1,1.216497,0,1,0.693147,attack,attack_loud_8,attack_loud
1.386294,1,0,0,1,1,0.138318,0,0.037975,3.637586,attack,attack_distributed_8,attack_distributed
1.386294,1,0,0,1,1,0.100775,0,0.037975,3.637586,attack,attack_distributed_8,attack_distributed
1.386294,1,0,0,1,1,0.110251,0,0.037975,3.637586,attack,attack_distributed_8,attack_distributed
1.386294,1,0,0,1,1,0.113949,0,0.037975,3.637586,attack,attack_distributed_8,attack_distributed
1.386294,1,0,0,1,1,0.171239,0,0.037975,3.637586,attack,attack_distributed_8,attack_distributed
1.386294,1,0,0,1,1,0.149621,0,0.037975,3.637586,attack,attack_distributed_8,attack_distributed
1.386294,1,0,0,1,1,0.1133,0,0.037975,3.637586,attack,attack_distributed_8,attack_distributed
1.386294,0.666667,0.333333,0,1,1,0.070395,0,0.037975,3.637586,attack,attack_distributed_8,attack_distributed
1.386294,1,0,0,1,1,0.110889,0,0.037975,3.637586,attack,attack_distributed_8,attack_distributed
1.386294,1,0,0,1,1,0.126761,0,0.037975,3.637586,attack,attack_distributed_8,attack_distributed
1.386294,1,0,0,1,1,0.142018,0,0.037975,3.637586,attack,attack_distributed_8,attack_distributed
1.386294,1,0,0,1,1,0.182297,0,0.037975,3.637586,attack,attack_distributed_8,attack_distributed
1.386294,1,0,0,1,1,0.2,0,0.037975,3.637586,attack,attack_distributed_8,attack_distributed
1.386294,1,0,0,1,1,0.104701,0,0.037975,3.637586,attack,attack_distributed_8,attack_distributed
1.386294,1,0,0,1,1,0.133891,0,0.037975,3.637586,attack,attack_distributed_8,attack_distributed
1.386294,1,0,0,1,1,0.082192,0,0.037975,3.637586,attack,attack_distributed_8,attack_distributed
2.639057,1,0,0,1,1,0.443295,0,0.2,1.791759,attack,attack_low_amplitude_8,attack_low_amplitude
2.639057,1,0,0,1,1,0.356887,0,0.2,1.791759,attack,attack_low_amplitude_8,attack_low_amplitude
2.639057,1,0,0,1,1,0.359728,0,0.2,1.791759,attack,attack_low_amplitude_8,attack_low_amplitude
2.639057,1,0,0,1,1,0.344107,0,0.2,1.791759,attack,attack_low_amplitude_8,attack_low_amplitude
2.639057,1,0,0,1,1,0.534232,0,0.2,1.791759,attack,attack_low_amplitude_8,attack_low_amplitude
2.890372,1,0,0,1,1,0.426189,0,0.2,1.791759,attack,attack_low_amplitude_8,attack_low_amplitude
2.833213,1,0,0,1,1,0.407477,0,0.2,1.791759,attack,attack_low_amplitude_8,attack_low_amplitude
2.833213,1,0,0,1,1,0.44853,0,0.2,1.791759,attack,attack_low_amplitude_8,attack_low_amplitude
2.833213,1,0,0,1,1,0.499688,0,0.2,1.791759,attack,attack_low_amplitude_8,attack_low_amplitude
1.098612,1,0,1,1,0,0,0,0.033333,4.094345,outage,gateway_outage_8,gateway_outage
0.693147,1,0,1,1,0,0,0,0.033333,4.094345,outage,gateway_outage_8,gateway_outage
0.693147,1,0,1,1,0,0,0,0.033333,4.094345,outage,gateway_outage_8,gateway_outage
0.693147,1,0,1,1,0,0,0,0.033333,4.094345,outage,gateway_outage_8,gateway_outage
0.693147,1,0,1,1,0,0,0,0.033333,4.094345,outage,gateway_outage_8,gateway_outage
0.693147,1,0,1,1,0,0,0,0.033333,4.094345,outage,gateway_outage_8,gateway_outage
0.693147,1,0,1,1,0,0,0,0.033333,4.094345,outage,gateway_outage_8,gateway_outage
0.693147,1,0,1,1,0,0,0,0.033333,4.094345,outage,gateway_outage_8,gateway_outage
1.098612,1,0,1,1,0,0,0,0.033333,4.094345,outage,gateway_outage_8,gateway_outage
1.098612,1,0,1,1,0,0,0,0.033333,4.094345,outage,gateway_outage_8,gateway_outage
1.098612,1,0,1,1,0,0,0,0.033333,4.094345,outage,gateway_outage_8,gateway_outage
1.098612,1,0,1,1,0,0,0,0.033333,4.094345,outage,gateway_outage_8,gateway_outage
1.098612,1,0,1,1,0,0,0,0.033333,4.094345,outage,gateway_outage_8,gateway_outage
1.098612,1,0,1,1,0,0,0,0.033333,4.094345,outage,gateway_outage_8,gateway_outage
1.098612,1,0,1,1,0,0,0,0.033333,4.094345,outage,gateway_outage_8,gateway_outage
1.098612,0.5,0.5,1,1,0,0,0,0.033333,4.094345,outage,gateway_outage_8,gateway_outage
3.135494,0.909091,0.090909,0,0.363636,0,0.713467,0,0.338983,1.386294,retry_storm,retry_storm_8,retry_storm
3.135494,0.909091,0.090909,0,0.363636,0,0.493338,0,0.338983,1.386294,retry_storm,retry_storm_8,retry_storm
3.135494,0.863636,0.136364,0,0.363636,0,0.606262,0,0.338983,1.386294,retry_storm,retry_storm_8,retry_storm
3.526361,0.909091,0.090909,0,0.121212,0,0.771882,0,0.338983,1.386294,retry_storm,retry_storm_8,retry_storm
3.526361,0.878788,0.121212,0,0.121212,0,0.710814,0,0.338983,1.386294,retry_storm,retry_storm_8,retry_storm
0.693147,1,0,0,1,0,0,0,0.111111,2.302585,healthy_traffic,normal_traffic_8,normal_traffic
0.693147,1,0,0,1,0,0,0,0.111111,2.302585,healthy_traffic,normal_traffic_8,normal_traffic
0.693147,1,0,0,1,0,0,0,0.111111,2.302585,healthy_traffic,normal_traffic_8,normal_traffic
0.693147,1,0,0,1,0,0,0,0.111111,2.302585,healthy_traffic,normal_traffic_8,normal_traffic
0.693147,1,0,0,1,0,0,0,0.111111,2.302585,healthy_traffic,normal_traffic_8,normal_traffic
0.693147,1,0,0,1,0,0,0,0.111111,2.302585,healthy_traffic,normal_traffic_8,normal_traffic
0.693147,1,0,0,1,0,0,0,0.111111,2.302585,healthy_traffic,normal_traffic_8,normal_traffic
0.693147,1,0,0,1,0,0,0,0.111111,2.302585,healthy_traffic,normal_traffic_8,normal_traffic
1.098612,0.5,0.5,0,1,0,0,0,0.111111,2.302585,healthy_traffic,normal_traffic_8,normal_traffic
1.098612,0.5,0.5,0,1,0,0,0,0.111111,2.302585,healthy_traffic,normal_traffic_8,normal_traffic
1.098612,0.5,0.5,0,1,0,0,0,0.111111,2.302585,healthy_traffic,normal_traffic_8,normal_traffic
1.098612,0.5,0.5,0,1,0,0,0,0.111111,2.302585,healthy_traffic,normal_traffic_8,normal_traffic
0.693147,1,0,0,1,0,0,0,0.111111,2.302585,healthy_traffic,normal_traffic_8,normal_traffic
0.693147,1,0,0,1,0,0,0,0.111111,2.302585,healthy_traffic,normal_traffic_8,normal_traffic
0.693147,1,0,0,1,0,0,0,0.111111,2.302585,healthy_traffic,normal_traffic_8,normal_traffic
0.693147,1,0,0,1,0,0,0,0.111111,2.302585,healthy_traffic,normal_traffic_8,normal_traffic
1.098612,0.5,0.5,0,1,0,0,0,0.05,3.044522,healthy_traffic,flash_sale_8,flash_sale
0.693147,1,0,0,1,0,0,0,0.05,3.044522,healthy_traffic,flash_sale_8,flash_sale
0.693147,1,0,0,1,0,0,0,0.05,3.044522,healthy_traffic,flash_sale_8,flash_sale
0.693147,1,0,0,1,0,0,0,0.05,3.044522,healthy_traffic,flash_sale_8,flash_sale
0.693147,1,0,0,1,0,0,0,0.05,3.044522,healthy_traffic,flash_sale_8,flash_sale
0.693147,1,0,0,1,0,0,0,0.05,3.044522,healthy_traffic,flash_sale_8,flash_sale
0.693147,1,0,0,1,0,0,0,0.05,3.044522,healthy_traffic,flash_sale_8,flash_sale
0.693147,1,0,0,1,0,0,0,0.05,3.044522,healthy_traffic,flash_sale_8,flash_sale
1.098612,0.5,0.5,0,1,0,0,0,0.05,3.044522,healthy_traffic,flash_sale_8,flash_sale
1.098612,0.5,0.5,0,1,0,0,0,0.05,3.044522,healthy_traffic,flash_sale_8,flash_sale
1.098612,0.5,0.5,0,1,0,0,0,0.05,3.044522,healthy_traffic,flash_sale_8,flash_sale
1.098612,0.5,0.5,0,1,0,0,0,0.05,3.044522,healthy_traffic,flash_sale_8,flash_sale
1.098612,0.5,0.5,0,1,0,0,0,0.05,3.044522,healthy_traffic,flash_sale_8,flash_sale
1.098612,0.5,0.5,0,1,0,0,0,0.05,3.044522,healthy_traffic,flash_sale_8,flash_sale
0.693147,1,0,0,1,0,0,0,0.05,3.044522,healthy_traffic,flash_sale_8,flash_sale
0.693147,1,0,0,1,0,0,0,0.05,3.044522,healthy_traffic,flash_sale_8,flash_sale
1.609438,0.75,0.25,0,0.25,0,0.127475,1,0.142857,2.302585,healthy_traffic,customer_error_8,customer_error
1.609438,0.75,0.25,0,0.25,0,0.604152,1,0.142857,2.302585,healthy_traffic,customer_error_8,customer_error
1.609438,0.75,0.25,0,0.25,0,0.514101,1,0.142857,2.302585,healthy_traffic,customer_error_8,customer_error
1.609438,0.75,0.25,0,0.25,0,0.020936,1,0.142857,2.302585,healthy_traffic,customer_error_8,customer_error
1.609438,0.75,0.25,0,0.25,0,0.252559,1,0.142857,2.302585,healthy_traffic,customer_error_8,customer_error
1.386294,0.666667,0.333333,0,0.333333,0,0.021739,1,0.142857,2.302585,healthy_traffic,customer_error_8,customer_error
1.386294,0.666667,0.333333,0,0.333333,0,0.245902,1,0.142857,2.302585,healthy_traffic,customer_error_8,customer_error
1.098612,0.5,0.5,0,0.5,0,0,1,0.142857,2.302585,healthy_traffic,customer_error_8,customer_error
1.791759,0.6,0.4,0,0.4,0,1.641762,0.5,0.142857,2.302585,healthy_traffic,customer_error_8,customer_error
1.791759,0.6,0.4,0,0.4,0,1.674746,0.5,0.142857,2.302585,healthy_traffic,customer_error_8,customer_error
1.791759,0.6,0.4,0,0.4,0,1.674712,0.5,0.142857,2.302585,healthy_traffic,customer_error_8,customer_error
1.609438,0.75,0.25,0,0.25,0,0.020936,1,0.142857,2.302585,healthy_traffic,customer_error_8,customer_error
1.609438,0.75,0.25,0,0.25,0,0.252559,1,0.142857,2.302585,healthy_traffic,customer_error_8,customer_error
1.386294,0.666667,0.333333,0,0.333333,0,0.021739,1,0.142857,2.302585,healthy_traffic,customer_error_8,customer_error
1.386294,0.666667,0.333333,0,0.333333,0,0.245902,1,0.142857,2.302585,healthy_traffic,customer_error_8,customer_error
1.098612,0.5,0.5,0,0.5,0,0,1,0.142857,2.302585,healthy_traffic,customer_error_8,customer_error
4.663439,0.980952,0.019048,0,1,1,1.117587,0,1,0.693147,attack,attack_loud_9,attack_loud
4.663439,0.980952,0.019048,0,1,1,1.117587,0,1,0.693147,attack,attack_loud_9,attack_loud
1.386294,1,0,0,1,1,0.015554,0,0.036145,3.610918,attack,attack_distributed_9,attack_distributed
1.386294,1,0,0,1,1,0.011786,0,0.036145,3.610918,attack,attack_distributed_9,attack_distributed
1.386294,1,0,0,1,1,0.074286,0,0.036145,3.610918,attack,attack_distributed_9,attack_distributed
1.386294,1,0,0,1,1,0.035138,0,0.036145,3.610918,attack,attack_distributed_9,attack_distributed
1.386294,1,0,0,1,1,0.034862,0,0.036145,3.610918,attack,attack_distributed_9,attack_distributed
1.386294,1,0,0,1,1,0.025408,0,0.036145,3.610918,attack,attack_distributed_9,attack_distributed
1.386294,1,0,0,1,1,0.061638,0,0.036145,3.610918,attack,attack_distributed_9,attack_distributed
1.386294,1,0,0,1,1,0.111111,0,0.036145,3.610918,attack,attack_distributed_9,attack_distributed
1.386294,1,0,0,1,1,0.064687,0,0.036145,3.610918,attack,attack_distributed_9,attack_distributed
1.386294,1,0,0,1,1,0.066386,0,0.036145,3.610918,attack,attack_distributed_9,attack_distributed
1.386294,1,0,0,1,1,0.042999,0,0.036145,3.610918,attack,attack_distributed_9,attack_distributed
1.386294,1,0,0,1,1,0.002273,0,0.036145,3.610918,attack,attack_distributed_9,attack_distributed
1.386294,1,0,0,1,1,0.004264,0,0.036145,3.610918,attack,attack_distributed_9,attack_distributed
1.386294,1,0,0,1,1,0.024236,0,0.036145,3.610918,attack,attack_distributed_9,attack_distributed
1.386294,1,0,0,1,1,0.031488,0,0.036145,3.610918,attack,attack_distributed_9,attack_distributed
1.386294,1,0,0,1,1,0.018498,0,0.036145,3.610918,attack,attack_distributed_9,attack_distributed
2.70805,1,0,0,1,1,0.258123,0,0.212121,1.791759,attack,attack_low_amplitude_9,attack_low_amplitude
2.70805,1,0,0,1,1,0.43351,0,0.212121,1.791759,attack,attack_low_amplitude_9,attack_low_amplitude
2.70805,1,0,0,1,1,0.329527,0,0.212121,1.791759,attack,attack_low_amplitude_9,attack_low_amplitude
2.639057,1,0,0,1,1,0.355787,0,0.212121,1.791759,attack,attack_low_amplitude_9,attack_low_amplitude
2.639057,0.846154,0.153846,0,1,1,0.328081,0,0.212121,1.791759,attack,attack_low_amplitude_9,attack_low_amplitude
3.178054,1,0,0,1,1,0.423457,0,0.212121,1.791759,attack,attack_low_amplitude_9,attack_low_amplitude
3.135494,1,0,0,1,1,0.486811,0,0.212121,1.791759,attack,attack_low_amplitude_9,attack_low_amplitude
3.178054,0.913043,0.086957,0,1,1,0.555775,0,0.212121,1.791759,attack,attack_low_amplitude_9,attack_low_amplitude
1.098612,1,0,1,1,0,0,0,0.047619,3.73767,outage,gateway_outage_9,gateway_outage
1.098612,0.5,0.5,1,1,0,0,0,0.047619,3.73767,outage,gateway_outage_9,gateway_outage
1.098612,0.5,0.5,1,1,0,0,0,0.047619,3.73767,outage,gateway_outage_9,gateway_outage
0.693147,1,0,1,1,0,0,0,0.047619,3.73767,outage,gateway_outage_9,gateway_outage
0.693147,1,0,1,1,0,0,0,0.047619,3.73767,outage,gateway_outage_9,gateway_outage
0.693147,1,0,1,1,0,0,0,0.047619,3.73767,outage,gateway_outage_9,gateway_outage
0.693147,1,0,1,1,0,0,0,0.047619,3.73767,outage,gateway_outage_9,gateway_outage
0.693147,1,0,1,1,0,0,0,0.047619,3.73767,outage,gateway_outage_9,gateway_outage
1.098612,1,0,1,1,0,0,0,0.047619,3.73767,outage,gateway_outage_9,gateway_outage
1.098612,1,0,1,1,0,0,0,0.047619,3.73767,outage,gateway_outage_9,gateway_outage
1.098612,1,0,1,1,0,0,0,0.047619,3.73767,outage,gateway_outage_9,gateway_outage
1.098612,1,0,1,1,0,0,0,0.047619,3.73767,outage,gateway_outage_9,gateway_outage
1.098612,1,0,1,1,0,0,0,0.047619,3.73767,outage,gateway_outage_9,gateway_outage
1.098612,0.5,0.5,1,1,0,0,0,0.047619,3.73767,outage,gateway_outage_9,gateway_outage
1.098612,0.5,0.5,1,1,0,0,0,0.047619,3.73767,outage,gateway_outage_9,gateway_outage
1.098612,0.5,0.5,1,1,0,0,0,0.047619,3.73767,outage,gateway_outage_9,gateway_outage
3.178054,0.869565,0.130435,0,0.347826,0,0.430941,0,0.37037,1.386294,retry_storm,retry_storm_9,retry_storm
3.178054,0.826087,0.173913,0,0.347826,0,0.572204,0,0.37037,1.386294,retry_storm,retry_storm_9,retry_storm
3.135494,0.681818,0.318182,0,0.363636,0,0.56418,0,0.37037,1.386294,retry_storm,retry_storm_9,retry_storm
4.234107,0.794118,0.205882,0,0.117647,0,0.965841,0,0.37037,1.386294,retry_storm,retry_storm_9,retry_storm
0.693147,1,0,0,1,0,0,0,0.25,1.609438,healthy_traffic,normal_traffic_9,normal_traffic
0.693147,1,0,0,1,0,0,0,0.25,1.609438,healthy_traffic,normal_traffic_9,normal_traffic
0.693147,1,0,0,1,0,0,0,0.25,1.609438,healthy_traffic,normal_traffic_9,normal_traffic
0.693147,1,0,0,1,0,0,0,0.25,1.609438,healthy_traffic,normal_traffic_9,normal_traffic
1.098612,0,1,0,1,0,0,0,0.25,1.609438,healthy_traffic,normal_traffic_9,normal_traffic
1.098612,0,1,0,1,0,0,0,0.25,1.609438,healthy_traffic,normal_traffic_9,normal_traffic
1.098612,0,1,0,1,0,0,0,0.25,1.609438,healthy_traffic,normal_traffic_9,normal_traffic
1.098612,0,1,0,1,0,0,0,0.25,1.609438,healthy_traffic,normal_traffic_9,normal_traffic
1.098612,0.5,0.5,0,1,0,0,0,0.25,1.609438,healthy_traffic,normal_traffic_9,normal_traffic
1.098612,0.5,0.5,0,1,0,0,0,0.25,1.609438,healthy_traffic,normal_traffic_9,normal_traffic
1.098612,0.5,0.5,0,1,0,0,0,0.25,1.609438,healthy_traffic,normal_traffic_9,normal_traffic
1.098612,0.5,0.5,0,1,0,0,0,0.25,1.609438,healthy_traffic,normal_traffic_9,normal_traffic
1.098612,0,1,0,1,0,0,0,0.25,1.609438,healthy_traffic,normal_traffic_9,normal_traffic
1.098612,0,1,0,1,0,0,0,0.25,1.609438,healthy_traffic,normal_traffic_9,normal_traffic
1.098612,0,1,0,1,0,0,0,0.25,1.609438,healthy_traffic,normal_traffic_9,normal_traffic
1.098612,0,1,0,1,0,0,0,0.25,1.609438,healthy_traffic,normal_traffic_9,normal_traffic
1.098612,0.5,0.5,0,1,0,0,0,0.038462,3.295837,healthy_traffic,flash_sale_9,flash_sale
0.693147,1,0,0,1,0,0,0,0.038462,3.295837,healthy_traffic,flash_sale_9,flash_sale
0.693147,1,0,0,1,0,0,0,0.038462,3.295837,healthy_traffic,flash_sale_9,flash_sale
0.693147,1,0,0,1,0,0,0,0.038462,3.295837,healthy_traffic,flash_sale_9,flash_sale
0.693147,1,0,0,1,0,0,0,0.038462,3.295837,healthy_traffic,flash_sale_9,flash_sale
0.693147,1,0,0,1,0,0,0,0.038462,3.295837,healthy_traffic,flash_sale_9,flash_sale
0.693147,1,0,0,1,0,0,0,0.038462,3.295837,healthy_traffic,flash_sale_9,flash_sale
0.693147,1,0,0,1,0,0,0,0.038462,3.295837,healthy_traffic,flash_sale_9,flash_sale
1.098612,1,0,0,1,0,0,0,0.038462,3.295837,healthy_traffic,flash_sale_9,flash_sale
1.098612,0.5,0.5,0,1,0,0,0,0.038462,3.295837,healthy_traffic,flash_sale_9,flash_sale
1.098612,0.5,0.5,0,1,0,0,0,0.038462,3.295837,healthy_traffic,flash_sale_9,flash_sale
1.098612,0.5,0.5,0,1,0,0,0,0.038462,3.295837,healthy_traffic,flash_sale_9,flash_sale
1.098612,0.5,0.5,0,1,0,0,0,0.038462,3.295837,healthy_traffic,flash_sale_9,flash_sale
1.098612,0.5,0.5,0,1,0,0,0,0.038462,3.295837,healthy_traffic,flash_sale_9,flash_sale
1.098612,0.5,0.5,0,1,0,0,0,0.038462,3.295837,healthy_traffic,flash_sale_9,flash_sale
1.098612,0.5,0.5,0,1,0,0,0,0.038462,3.295837,healthy_traffic,flash_sale_9,flash_sale
1.609438,0.75,0.25,0,0.25,0,0.542224,1,0.5,1.386294,healthy_traffic,customer_error_9,customer_error
1.386294,0.666667,0.333333,0,0.333333,0,0.708333,1,0.5,1.386294,healthy_traffic,customer_error_9,customer_error
1.098612,0.5,0.5,0,0.5,0,0,1,0.5,1.386294,healthy_traffic,customer_error_9,customer_error
1.098612,0,1,0,1,0,0,0,0.5,1.386294,healthy_traffic,customer_error_9,customer_error
1.098612,0,1,0,1,0,0,0,0.5,1.386294,healthy_traffic,customer_error_9,customer_error
1.098612,0,1,0,1,0,0,0,0.5,1.386294,healthy_traffic,customer_error_9,customer_error
0.693147,0,1,0,1,0,0,0,0.5,1.386294,healthy_traffic,customer_error_9,customer_error
0.693147,0,1,0,1,0,0,0,0.5,1.386294,healthy_traffic,customer_error_9,customer_error
1.94591,0.666667,0.333333,0,0.333333,0,1.922988,1,0.5,1.386294,healthy_traffic,customer_error_9,customer_error
1.386294,0.666667,0.333333,0,0.333333,0,0.708333,1,0.5,1.386294,healthy_traffic,customer_error_9,customer_error
1.098612,0,1,0,1,0,0,0,0.5,1.386294,healthy_traffic,customer_error_9,customer_error
1.098612,0,1,0,1,0,0,0,0.5,1.386294,healthy_traffic,customer_error_9,customer_error
1.098612,0,1,0,1,0,0,0,0.5,1.386294,healthy_traffic,customer_error_9,customer_error
1.098612,0,1,0,1,0,0,0,0.5,1.386294,healthy_traffic,customer_error_9,customer_error
1.098612,0,1,0,1,0,0,0,0.5,1.386294,healthy_traffic,customer_error_9,customer_error
1.098612,0,1,0,1,0,0,0,0.5,1.386294,healthy_traffic,customer_error_9,customer_error
4.418841,0.963415,0.036585,0,1,1,0.919443,0,1,0.693147,attack,attack_loud_10,attack_loud
4.418841,0.963415,0.036585,0,1,1,0.919443,0,1,0.693147,attack,attack_loud_10,attack_loud
1.386294,1,0,0,1,1,0.044053,0,0.044118,3.496508,attack,attack_distributed_10,attack_distributed
1.386294,1,0,0,1,1,0.047278,0,0.044118,3.496508,attack,attack_distributed_10,attack_distributed
1.386294,1,0,0,1,1,0.04271,0,0.044118,3.496508,attack,attack_distributed_10,attack_distributed
1.386294,1,0,0,1,1,0.03207,0,0.044118,3.496508,attack,attack_distributed_10,attack_distributed
1.386294,1,0,0,1,1,0.011236,0,0.044118,3.496508,attack,attack_distributed_10,attack_distributed
1.098612,1,0,0,1,1,0,0,0.044118,3.496508,attack,attack_distributed_10,attack_distributed
1.098612,1,0,0,1,1,0,0,0.044118,3.496508,attack,attack_distributed_10,attack_distributed
1.098612,1,0,0,1,1,0,0,0.044118,3.496508,attack,attack_distributed_10,attack_distributed
1.098612,1,0,0,1,1,0,0,0.044118,3.496508,attack,attack_distributed_10,attack_distributed
1.098612,1,0,0,1,1,0,0,0.044118,3.496508,attack,attack_distributed_10,attack_distributed
1.098612,1,0,0,1,1,0,0,0.044118,3.496508,attack,attack_distributed_10,attack_distributed
1.098612,1,0,0,1,1,0,0,0.044118,3.496508,attack,attack_distributed_10,attack_distributed
1.098612,1,0,0,1,1,0,0,0.044118,3.496508,attack,attack_distributed_10,attack_distributed
1.098612,1,0,0,1,1,0,0,0.044118,3.496508,attack,attack_distributed_10,attack_distributed
1.098612,1,0,0,1,1,0,0,0.044118,3.496508,attack,attack_distributed_10,attack_distributed
1.098612,1,0,0,1,1,0,0,0.044118,3.496508,attack,attack_distributed_10,attack_distributed
2.70805,1,0,0,1,1,0.560452,0,0.264151,1.609438,attack,attack_low_amplitude_10,attack_low_amplitude
2.70805,0.928571,0.071429,0,1,1,0.402146,0,0.264151,1.609438,attack,attack_low_amplitude_10,attack_low_amplitude
2.639057,1,0,0,1,1,0.557673,0,0.264151,1.609438,attack,attack_low_amplitude_10,attack_low_amplitude
2.639057,1,0,0,1,1,0.361822,0,0.264151,1.609438,attack,attack_low_amplitude_10,attack_low_amplitude
2.70805,1,0,0,1,1,0.560452,0,0.264151,1.609438,attack,attack_low_amplitude_10,attack_low_amplitude
2.70805,0.928571,0.071429,0,1,1,0.402146,0,0.264151,1.609438,attack,attack_low_amplitude_10,attack_low_amplitude
2.639057,1,0,0,1,1,0.557673,0,0.264151,1.609438,attack,attack_low_amplitude_10,attack_low_amplitude
2.639057,1,0,0,1,1,0.361822,0,0.264151,1.609438,attack,attack_low_amplitude_10,attack_low_amplitude
0.693147,1,0,1,1,0,0,0,0.025641,3.688879,outage,gateway_outage_10,gateway_outage
0.693147,1,0,1,1,0,0,0,0.025641,3.688879,outage,gateway_outage_10,gateway_outage
0.693147,1,0,1,1,0,0,0,0.025641,3.688879,outage,gateway_outage_10,gateway_outage
0.693147,1,0,1,1,0,0,0,0.025641,3.688879,outage,gateway_outage_10,gateway_outage
0.693147,1,0,1,1,0,0,0,0.025641,3.688879,outage,gateway_outage_10,gateway_outage
0.693147,1,0,1,1,0,0,0,0.025641,3.688879,outage,gateway_outage_10,gateway_outage
0.693147,1,0,1,1,0,0,0,0.025641,3.688879,outage,gateway_outage_10,gateway_outage
0.693147,1,0,1,1,0,0,0,0.025641,3.688879,outage,gateway_outage_10,gateway_outage
0.693147,1,0,1,1,0,0,0,0.025641,3.688879,outage,gateway_outage_10,gateway_outage
0.693147,1,0,1,1,0,0,0,0.025641,3.688879,outage,gateway_outage_10,gateway_outage
0.693147,1,0,1,1,0,0,0,0.025641,3.688879,outage,gateway_outage_10,gateway_outage
0.693147,1,0,1,1,0,0,0,0.025641,3.688879,outage,gateway_outage_10,gateway_outage
0.693147,1,0,1,1,0,0,0,0.025641,3.688879,outage,gateway_outage_10,gateway_outage
0.693147,1,0,1,1,0,0,0,0.025641,3.688879,outage,gateway_outage_10,gateway_outage
0.693147,1,0,1,1,0,0,0,0.025641,3.688879,outage,gateway_outage_10,gateway_outage
0.693147,1,0,1,1,0,0,0,0.025641,3.688879,outage,gateway_outage_10,gateway_outage
3.367296,0.892857,0.107143,0,0.142857,0,0.689238,0,0.510204,1.098612,retry_storm,retry_storm_10,retry_storm
3.367296,0.857143,0.142857,0,0.142857,0,0.685819,0,0.510204,1.098612,retry_storm,retry_storm_10,retry_storm
3.367296,0.892857,0.107143,0,0.142857,0,0.689238,0,0.510204,1.098612,retry_storm,retry_storm_10,retry_storm
3.367296,0.857143,0.142857,0,0.142857,0,0.685819,0,0.510204,1.098612,retry_storm,retry_storm_10,retry_storm
0.693147,1,0,0,1,0,0,0,0.142857,2.079442,healthy_traffic,normal_traffic_10,normal_traffic
0.693147,1,0,0,1,0,0,0,0.142857,2.079442,healthy_traffic,normal_traffic_10,normal_traffic
0.693147,1,0,0,1,0,0,0,0.142857,2.079442,healthy_traffic,normal_traffic_10,normal_traffic
0.693147,1,0,0,1,0,0,0,0.142857,2.079442,healthy_traffic,normal_traffic_10,normal_traffic
0.693147,1,0,0,1,0,0,0,0.142857,2.079442,healthy_traffic,normal_traffic_10,normal_traffic
0.693147,1,0,0,1,0,0,0,0.142857,2.079442,healthy_traffic,normal_traffic_10,normal_traffic
0.693147,1,0,0,1,0,0,0,0.142857,2.079442,healthy_traffic,normal_traffic_10,normal_traffic
0.693147,0,1,0,1,0,0,0,0.142857,2.079442,healthy_traffic,normal_traffic_10,normal_traffic
0.693147,1,0,0,1,0,0,0,0.142857,2.079442,healthy_traffic,normal_traffic_10,normal_traffic
0.693147,1,0,0,1,0,0,0,0.142857,2.079442,healthy_traffic,normal_traffic_10,normal_traffic
0.693147,1,0,0,1,0,0,0,0.142857,2.079442,healthy_traffic,normal_traffic_10,normal_traffic
0.693147,1,0,0,1,0,0,0,0.142857,2.079442,healthy_traffic,normal_traffic_10,normal_traffic
0.693147,1,0,0,1,0,0,0,0.142857,2.079442,healthy_traffic,normal_traffic_10,normal_traffic
0.693147,1,0,0,1,0,0,0,0.142857,2.079442,healthy_traffic,normal_traffic_10,normal_traffic
0.693147,1,0,0,1,0,0,0,0.142857,2.079442,healthy_traffic,normal_traffic_10,normal_traffic
0.693147,0,1,0,1,0,0,0,0.142857,2.079442,healthy_traffic,normal_traffic_10,normal_traffic
0.693147,1,0,0,1,0,0,0,0.0625,2.833213,healthy_traffic,flash_sale_10,flash_sale
0.693147,1,0,0,1,0,0,0,0.0625,2.833213,healthy_traffic,flash_sale_10,flash_sale
0.693147,1,0,0,1,0,0,0,0.0625,2.833213,healthy_traffic,flash_sale_10,flash_sale
0.693147,1,0,0,1,0,0,0,0.0625,2.833213,healthy_traffic,flash_sale_10,flash_sale
0.693147,1,0,0,1,0,0,0,0.0625,2.833213,healthy_traffic,flash_sale_10,flash_sale
0.693147,1,0,0,1,0,0,0,0.0625,2.833213,healthy_traffic,flash_sale_10,flash_sale
0.693147,1,0,0,1,0,0,0,0.0625,2.833213,healthy_traffic,flash_sale_10,flash_sale
0.693147,1,0,0,1,0,0,0,0.0625,2.833213,healthy_traffic,flash_sale_10,flash_sale
0.693147,1,0,0,1,0,0,0,0.0625,2.833213,healthy_traffic,flash_sale_10,flash_sale
0.693147,1,0,0,1,0,0,0,0.0625,2.833213,healthy_traffic,flash_sale_10,flash_sale
0.693147,1,0,0,1,0,0,0,0.0625,2.833213,healthy_traffic,flash_sale_10,flash_sale
0.693147,1,0,0,1,0,0,0,0.0625,2.833213,healthy_traffic,flash_sale_10,flash_sale
0.693147,1,0,0,1,0,0,0,0.0625,2.833213,healthy_traffic,flash_sale_10,flash_sale
0.693147,1,0,0,1,0,0,0,0.0625,2.833213,healthy_traffic,flash_sale_10,flash_sale
0.693147,1,0,0,1,0,0,0,0.0625,2.833213,healthy_traffic,flash_sale_10,flash_sale
0.693147,1,0,0,1,0,0,0,0.0625,2.833213,healthy_traffic,flash_sale_10,flash_sale
1.609438,0.75,0.25,0,0.25,0,0.370671,1,0.6,1.098612,healthy_traffic,customer_error_10,customer_error
1.386294,0.666667,0.333333,0,0.333333,0,0.65,1,0.6,1.098612,healthy_traffic,customer_error_10,customer_error
0.693147,0,1,0,1,0,0,0,0.6,1.098612,healthy_traffic,customer_error_10,customer_error
0.693147,0,1,0,1,0,0,0,0.6,1.098612,healthy_traffic,customer_error_10,customer_error
0.693147,0,1,0,1,0,0,0,0.6,1.098612,healthy_traffic,customer_error_10,customer_error
0.693147,0,1,0,1,0,0,0,0.6,1.098612,healthy_traffic,customer_error_10,customer_error
0.693147,0,1,0,1,0,0,0,0.6,1.098612,healthy_traffic,customer_error_10,customer_error
0.693147,0,1,0,1,0,0,0,0.6,1.098612,healthy_traffic,customer_error_10,customer_error
1.609438,0.75,0.25,0,0.25,0,0.370671,1,0.6,1.098612,healthy_traffic,customer_error_10,customer_error
1.386294,0.666667,0.333333,0,0.333333,0,0.65,1,0.6,1.098612,healthy_traffic,customer_error_10,customer_error
0.693147,0,1,0,1,0,0,0,0.6,1.098612,healthy_traffic,customer_error_10,customer_error
0.693147,0,1,0,1,0,0,0,0.6,1.098612,healthy_traffic,customer_error_10,customer_error
0.693147,0,1,0,1,0,0,0,0.6,1.098612,healthy_traffic,customer_error_10,customer_error
0.693147,0,1,0,1,0,0,0,0.6,1.098612,healthy_traffic,customer_error_10,customer_error
0.693147,0,1,0,1,0,0,0,0.6,1.098612,healthy_traffic,customer_error_10,customer_error
0.693147,0,1,0,1,0,0,0,0.6,1.098612,healthy_traffic,customer_error_10,customer_error
4.007333,0.962963,0.037037,0,1,1,1.045401,0,1,0.693147,attack,attack_loud_11,attack_loud
4.007333,0.962963,0.037037,0,1,1,1.045401,0,1,0.693147,attack,attack_loud_11,attack_loud
1.098612,1,0,0,1,1,0,0,0.044444,3.637586,attack,attack_distributed_11,attack_distributed
1.098612,1,0,0,1,1,0,0,0.044444,3.637586,attack,attack_distributed_11,attack_distributed
1.098612,1,0,0,1,1,0,0,0.044444,3.637586,attack,attack_distributed_11,attack_distributed
1.098612,1,0,0,1,1,0,0,0.044444,3.637586,attack,attack_distributed_11,attack_distributed
1.098612,1,0,0,1,1,0,0,0.044444,3.637586,attack,attack_distributed_11,attack_distributed
1.098612,1,0,0,1,1,0,0,0.044444,3.637586,attack,attack_distributed_11,attack_distributed
1.098612,1,0,0,1,1,0,0,0.044444,3.637586,attack,attack_distributed_11,attack_distributed
1.098612,1,0,0,1,1,0,0,0.044444,3.637586,attack,attack_distributed_11,attack_distributed
1.386294,1,0,0,1,1,0.181314,0,0.044444,3.637586,attack,attack_distributed_11,attack_distributed
1.386294,1,0,0,1,1,0.259623,0,0.044444,3.637586,attack,attack_distributed_11,attack_distributed
1.098612,1,0,0,1,1,0,0,0.044444,3.637586,attack,attack_distributed_11,attack_distributed
1.098612,1,0,0,1,1,0,0,0.044444,3.637586,attack,attack_distributed_11,attack_distributed
1.098612,1,0,0,1,1,0,0,0.044444,3.637586,attack,attack_distributed_11,attack_distributed
1.098612,1,0,0,1,1,0,0,0.044444,3.637586,attack,attack_distributed_11,attack_distributed
1.098612,1,0,0,1,1,0,0,0.044444,3.637586,attack,attack_distributed_11,attack_distributed
1.098612,1,0,0,1,1,0,0,0.044444,3.637586,attack,attack_distributed_11,attack_distributed
2.197225,0.875,0.125,0,1,1,0.353309,0,0.212121,1.791759,attack,attack_low_amplitude_11,attack_low_amplitude
2.079442,1,0,0,1,1,0.257218,0,0.212121,1.791759,attack,attack_low_amplitude_11,attack_low_amplitude
2.079442,1,0,0,1,1,0.278659,0,0.212121,1.791759,attack,attack_low_amplitude_11,attack_low_amplitude
2.197225,0.75,0.25,0,1,1,0.417591,0,0.212121,1.791759,attack,attack_low_amplitude_11,attack_low_amplitude
2.079442,0.857143,0.142857,0,1,1,0.285234,0,0.212121,1.791759,attack,attack_low_amplitude_11,attack_low_amplitude
2.944439,1,0,0,1,1,0.602879,0,0.212121,1.791759,attack,attack_low_amplitude_11,attack_low_amplitude
2.995732,0.789474,0.210526,0,1,1,0.646997,0,0.212121,1.791759,attack,attack_low_amplitude_11,attack_low_amplitude
0.693147,1,0,1,1,0,0,0,0.037037,3.332205,outage,gateway_outage_11,gateway_outage
0.693147,1,0,1,1,0,0,0,0.037037,3.332205,outage,gateway_outage_11,gateway_outage
0.693147,1,0,1,1,0,0,0,0.037037,3.332205,outage,gateway_outage_11,gateway_outage
0.693147,1,0,1,1,0,0,0,0.037037,3.332205,outage,gateway_outage_11,gateway_outage
0.693147,1,0,1,1,0,0,0,0.037037,3.332205,outage,gateway_outage_11,gateway_outage
0.693147,1,0,1,1,0,0,0,0.037037,3.332205,outage,gateway_outage_11,gateway_outage
0.693147,1,0,1,1,0,0,0,0.037037,3.332205,outage,gateway_outage_11,gateway_outage
0.693147,1,0,1,1,0,0,0,0.037037,3.332205,outage,gateway_outage_11,gateway_outage
1.098612,1,0,1,1,0,0,0,0.037037,3.332205,outage,gateway_outage_11,gateway_outage
1.098612,0.5,0.5,1,1,0,0,0,0.037037,3.332205,outage,gateway_outage_11,gateway_outage
0.693147,1,0,1,1,0,0,0,0.037037,3.332205,outage,gateway_outage_11,gateway_outage
0.693147,1,0,1,1,0,0,0,0.037037,3.332205,outage,gateway_outage_11,gateway_outage
0.693147,1,0,1,1,0,0,0,0.037037,3.332205,outage,gateway_outage_11,gateway_outage
0.693147,1,0,1,1,0,0,0,0.037037,3.332205,outage,gateway_outage_11,gateway_outage
0.693147,1,0,1,1,0,0,0,0.037037,3.332205,outage,gateway_outage_11,gateway_outage
0.693147,1,0,1,1,0,0,0,0.037037,3.332205,outage,gateway_outage_11,gateway_outage
2.70805,0.928571,0.071429,0,0.571429,0,0.658755,0,0.361111,1.386294,retry_storm,retry_storm_11,retry_storm
2.70805,0.928571,0.071429,0,0.571429,0,0.404949,0,0.361111,1.386294,retry_storm,retry_storm_11,retry_storm
2.70805,0.714286,0.285714,0,0.571429,0,0.419484,0,0.361111,1.386294,retry_storm,retry_storm_11,retry_storm
3.7612,0.857143,0.142857,0,0.190476,0,0.993059,0,0.361111,1.386294,retry_storm,retry_storm_11,retry_storm
0.693147,1,0,0,1,0,0,0,1,0.693147,healthy_traffic,normal_traffic_11,normal_traffic
0.693147,0,1,0,1,0,0,0,1,0.693147,healthy_traffic,normal_traffic_11,normal_traffic
0.693147,0,1,0,1,0,0,0,1,0.693147,healthy_traffic,normal_traffic_11,normal_traffic
0.693147,0,1,0,1,0,0,0,1,0.693147,healthy_traffic,normal_traffic_11,normal_traffic
0.693147,0,1,0,1,0,0,0,1,0.693147,healthy_traffic,normal_traffic_11,normal_traffic
0.693147,0,1,0,1,0,0,0,1,0.693147,healthy_traffic,normal_traffic_11,normal_traffic
0.693147,0,1,0,1,0,0,0,1,0.693147,healthy_traffic,normal_traffic_11,normal_traffic
0.693147,0,1,0,1,0,0,0,1,0.693147,healthy_traffic,normal_traffic_11,normal_traffic
0.693147,1,0,0,1,0,0,0,1,0.693147,healthy_traffic,normal_traffic_11,normal_traffic
1.098612,0,1,0,1,0,0,0,1,0.693147,healthy_traffic,normal_traffic_11,normal_traffic
1.098612,0,1,0,1,0,0,0,1,0.693147,healthy_traffic,normal_traffic_11,normal_traffic
1.098612,0,1,0,1,0,0,0,1,0.693147,healthy_traffic,normal_traffic_11,normal_traffic
0.693147,0,1,0,1,0,0,0,1,0.693147,healthy_traffic,normal_traffic_11,normal_traffic
0.693147,0,1,0,1,0,0,0,1,0.693147,healthy_traffic,normal_traffic_11,normal_traffic
0.693147,0,1,0,1,0,0,0,1,0.693147,healthy_traffic,normal_traffic_11,normal_traffic
0.693147,0,1,0,1,0,0,0,1,0.693147,healthy_traffic,normal_traffic_11,normal_traffic
0.693147,1,0,0,1,0,0,0,0.083333,2.564949,healthy_traffic,flash_sale_11,flash_sale
0.693147,1,0,0,1,0,0,0,0.083333,2.564949,healthy_traffic,flash_sale_11,flash_sale
0.693147,1,0,0,1,0,0,0,0.083333,2.564949,healthy_traffic,flash_sale_11,flash_sale
0.693147,1,0,0,1,0,0,0,0.083333,2.564949,healthy_traffic,flash_sale_11,flash_sale
0.693147,1,0,0,1,0,0,0,0.083333,2.564949,healthy_traffic,flash_sale_11,flash_sale
0.693147,1,0,0,1,0,0,0,0.083333,2.564949,healthy_traffic,flash_sale_11,flash_sale
0.693147,1,0,0,1,0,0,0,0.083333,2.564949,healthy_traffic,flash_sale_11,flash_sale
0.693147,1,0,0,1,0,0,0,0.083333,2.564949,healthy_traffic,flash_sale_11,flash_sale
1.098612,0.5,0.5,0,1,0,0,0,0.083333,2.564949,healthy_traffic,flash_sale_11,flash_sale
1.098612,0.5,0.5,0,1,0,0,0,0.083333,2.564949,healthy_traffic,flash_sale_11,flash_sale
1.098612,0.5,0.5,0,1,0,0,0,0.083333,2.564949,healthy_traffic,flash_sale_11,flash_sale
0.693147,1,0,0,1,0,0,0,0.083333,2.564949,healthy_traffic,flash_sale_11,flash_sale
0.693147,1,0,0,1,0,0,0,0.083333,2.564949,healthy_traffic,flash_sale_11,flash_sale
0.693147,1,0,0,1,0,0,0,0.083333,2.564949,healthy_traffic,flash_sale_11,flash_sale
0.693147,1,0,0,1,0,0,0,0.083333,2.564949,healthy_traffic,flash_sale_11,flash_sale
0.693147,1,0,0,1,0,0,0,0.083333,2.564949,healthy_traffic,flash_sale_11,flash_sale
1.609438,0.75,0.25,0,0.25,0,0.497568,1,0.5,1.386294,healthy_traffic,customer_error_11,customer_error
1.386294,0.666667,0.333333,0,0.333333,0,0.333333,1,0.5,1.386294,healthy_traffic,customer_error_11,customer_error
1.098612,0.5,0.5,0,0.5,0,0,1,0.5,1.386294,healthy_traffic,customer_error_11,customer_error
0.693147,0,1,0,1,0,0,0,0.5,1.386294,healthy_traffic,customer_error_11,customer_error
0.693147,0,1,0,1,0,0,0,0.5,1.386294,healthy_traffic,customer_error_11,customer_error
0.693147,0,1,0,1,0,0,0,0.5,1.386294,healthy_traffic,customer_error_11,customer_error
0.693147,0,1,0,1,0,0,0,0.5,1.386294,healthy_traffic,customer_error_11,customer_error
0.693147,0,1,0,1,0,0,0,0.5,1.386294,healthy_traffic,customer_error_11,customer_error
1.609438,0.75,0.25,0,0.25,0,0.497568,1,0.5,1.386294,healthy_traffic,customer_error_11,customer_error
1.386294,0.666667,0.333333,0,0.333333,0,0.333333,1,0.5,1.386294,healthy_traffic,customer_error_11,customer_error
1.098612,0.5,0.5,0,0.5,0,0,1,0.5,1.386294,healthy_traffic,customer_error_11,customer_error
0.693147,0,1,0,1,0,0,0,0.5,1.386294,healthy_traffic,customer_error_11,customer_error
0.693147,0,1,0,1,0,0,0,0.5,1.386294,healthy_traffic,customer_error_11,customer_error
0.693147,0,1,0,1,0,0,0,0.5,1.386294,healthy_traffic,customer_error_11,customer_error
0.693147,0,1,0,1,0,0,0,0.5,1.386294,healthy_traffic,customer_error_11,customer_error
0.693147,0,1,0,1,0,0,0,0.5,1.386294,healthy_traffic,customer_error_11,customer_error
4.276666,0.985915,0.014085,0,1,1,0.978509,0,1,0.693147,attack,attack_loud_12,attack_loud
4.276666,0.985915,0.014085,0,1,1,0.978509,0,1,0.693147,attack,attack_loud_12,attack_loud
1.386294,1,0,0,1,1,0.105634,0,0.050847,3.091042,attack,attack_distributed_12,attack_distributed
1.386294,1,0,0,1,1,0.075306,0,0.050847,3.091042,attack,attack_distributed_12,attack_distributed
1.386294,1,0,0,1,1,0.028939,0,0.050847,3.091042,attack,attack_distributed_12,attack_distributed
1.386294,1,0,0,1,1,0.008666,0,0.050847,3.091042,attack,attack_distributed_12,attack_distributed
1.386294,1,0,0,1,1,0.107143,0,0.050847,3.091042,attack,attack_distributed_12,attack_distributed
1.386294,1,0,0,1,1,0.003436,0,0.050847,3.091042,attack,attack_distributed_12,attack_distributed
1.386294,1,0,0,1,1,0.087315,0,0.050847,3.091042,attack,attack_distributed_12,attack_distributed
1.386294,1,0,0,1,1,0.074919,0,0.050847,3.091042,attack,attack_distributed_12,attack_distributed
1.609438,1,0,0,1,1,0.185057,0,0.050847,3.091042,attack,attack_distributed_12,attack_distributed
1.386294,1,0,0,1,1,0.14841,0,0.050847,3.091042,attack,attack_distributed_12,attack_distributed
1.386294,1,0,0,1,1,0.021053,0,0.050847,3.091042,attack,attack_distributed_12,attack_distributed
1.386294,1,0,0,1,1,0.025271,0,0.050847,3.091042,attack,attack_distributed_12,attack_distributed
1.386294,1,0,0,1,1,0.001675,0,0.050847,3.091042,attack,attack_distributed_12,attack_distributed
1.386294,1,0,0,1,1,0.10989,0,0.050847,3.091042,attack,attack_distributed_12,attack_distributed
1.386294,1,0,0,1,1,0.006897,0,0.050847,3.091042,attack,attack_distributed_12,attack_distributed
1.386294,1,0,0,1,1,0.07971,0,0.050847,3.091042,attack,attack_distributed_12,attack_distributed
3.218876,1,0,0,1,1,0.689489,0,0.521739,1.098612,attack,attack_low_amplitude_12,attack_low_amplitude
3.178054,0.956522,0.043478,0,1,1,0.804325,0,0.521739,1.098612,attack,attack_low_amplitude_12,attack_low_amplitude
3.218876,1,0,0,1,1,0.689489,0,0.521739,1.098612,attack,attack_low_amplitude_12,attack_low_amplitude
3.178054,0.956522,0.043478,0,1,1,0.804325,0,0.521739,1.098612,attack,attack_low_amplitude_12,attack_low_amplitude
1.098612,1,0,1,1,0,0,0,0.047619,3.637586,outage,gateway_outage_12,gateway_outage
1.098612,1,0,1,1,0,0,0,0.047619,3.637586,outage,gateway_outage_12,gateway_outage
1.098612,1,0,1,1,0,0,0,0.047619,3.637586,outage,gateway_outage_12,gateway_outage
1.098612,1,0,1,1,0,0,0,0.047619,3.637586,outage,gateway_outage_12,gateway_outage
1.098612,1,0,1,1,0,0,0,0.047619,3.637586,outage,gateway_outage_12,gateway_outage
1.098612,0.5,0.5,1,1,0,0,0,0.047619,3.637586,outage,gateway_outage_12,gateway_outage
1.098612,0.5,0.5,1,1,0,0,0,0.047619,3.637586,outage,gateway_outage_12,gateway_outage
1.098612,0.5,0.5,1,1,0,0,0,0.047619,3.637586,outage,gateway_outage_12,gateway_outage
1.098612,1,0,1,1,0,0,0,0.047619,3.637586,outage,gateway_outage_12,gateway_outage
1.098612,1,0,1,1,0,0,0,0.047619,3.637586,outage,gateway_outage_12,gateway_outage
1.098612,1,0,1,1,0,0,0,0.047619,3.637586,outage,gateway_outage_12,gateway_outage
1.098612,1,0,1,1,0,0,0,0.047619,3.637586,outage,gateway_outage_12,gateway_outage
1.098612,1,0,1,1,0,0,0,0.047619,3.637586,outage,gateway_outage_12,gateway_outage
1.098612,1,0,1,1,0,0,0,0.047619,3.637586,outage,gateway_outage_12,gateway_outage
1.098612,1,0,1,1,0,0,0,0.047619,3.637586,outage,gateway_outage_12,gateway_outage
1.098612,1,0,1,1,0,0,0,0.047619,3.637586,outage,gateway_outage_12,gateway_outage
3.951244,0.960784,0.039216,0,0.156863,0,0.862947,0,1,0.693147,retry_storm,retry_storm_12,retry_storm
3.951244,0.960784,0.039216,0,0.156863,0,0.862947,0,1,0.693147,retry_storm,retry_storm_12,retry_storm
1.098612,0.5,0.5,0,1,0,0,0,0.125,2.197225,healthy_traffic,normal_traffic_12,normal_traffic
1.098612,0.5,0.5,0,1,0,0,0,0.125,2.197225,healthy_traffic,normal_traffic_12,normal_traffic
0.693147,1,0,0,1,0,0,0,0.125,2.197225,healthy_traffic,normal_traffic_12,normal_traffic
0.693147,1,0,0,1,0,0,0,0.125,2.197225,healthy_traffic,normal_traffic_12,normal_traffic
0.693147,1,0,0,1,0,0,0,0.125,2.197225,healthy_traffic,normal_traffic_12,normal_traffic
0.693147,1,0,0,1,0,0,0,0.125,2.197225,healthy_traffic,normal_traffic_12,normal_traffic
0.693147,1,0,0,1,0,0,0,0.125,2.197225,healthy_traffic,normal_traffic_12,normal_traffic
0.693147,1,0,0,1,0,0,0,0.125,2.197225,healthy_traffic,normal_traffic_12,normal_traffic
1.098612,0.5,0.5,0,1,0,0,0,0.125,2.197225,healthy_traffic,normal_traffic_12,normal_traffic
1.098612,0.5,0.5,0,1,0,0,0,0.125,2.197225,healthy_traffic,normal_traffic_12,normal_traffic
1.098612,0.5,0.5,0,1,0,0,0,0.125,2.197225,healthy_traffic,normal_traffic_12,normal_traffic
1.098612,0.5,0.5,0,1,0,0,0,0.125,2.197225,healthy_traffic,normal_traffic_12,normal_traffic
0.693147,1,0,0,1,0,0,0,0.125,2.197225,healthy_traffic,normal_traffic_12,normal_traffic
0.693147,1,0,0,1,0,0,0,0.125,2.197225,healthy_traffic,normal_traffic_12,normal_traffic
0.693147,1,0,0,1,0,0,0,0.125,2.197225,healthy_traffic,normal_traffic_12,normal_traffic
0.693147,1,0,0,1,0,0,0,0.125,2.197225,healthy_traffic,normal_traffic_12,normal_traffic
1.098612,0.5,0.5,0,1,0,0,0,0.038462,3.295837,healthy_traffic,flash_sale_12,flash_sale
1.098612,0.5,0.5,0,1,0,0,0,0.038462,3.295837,healthy_traffic,flash_sale_12,flash_sale
1.098612,0.5,0.5,0,1,0,0,0,0.038462,3.295837,healthy_traffic,flash_sale_12,flash_sale
1.098612,0.5,0.5,0,1,0,0,0,0.038462,3.295837,healthy_traffic,flash_sale_12,flash_sale
1.098612,0.5,0.5,0,1,0,0,0,0.038462,3.295837,healthy_traffic,flash_sale_12,flash_sale
1.098612,0.5,0.5,0,1,0,0,0,0.038462,3.295837,healthy_traffic,flash_sale_12,flash_sale
1.098612,0.5,0.5,0,1,0,0,0,0.038462,3.295837,healthy_traffic,flash_sale_12,flash_sale
1.098612,0.5,0.5,0,1,0,0,0,0.038462,3.295837,healthy_traffic,flash_sale_12,flash_sale
1.098612,0.5,0.5,0,1,0,0,0,0.038462,3.295837,healthy_traffic,flash_sale_12,flash_sale
1.098612,0.5,0.5,0,1,0,0,0,0.038462,3.295837,healthy_traffic,flash_sale_12,flash_sale
1.098612,0.5,0.5,0,1,0,0,0,0.038462,3.295837,healthy_traffic,flash_sale_12,flash_sale
1.098612,0.5,0.5,0,1,0,0,0,0.038462,3.295837,healthy_traffic,flash_sale_12,flash_sale
1.098612,0.5,0.5,0,1,0,0,0,0.038462,3.295837,healthy_traffic,flash_sale_12,flash_sale
1.098612,0.5,0.5,0,1,0,0,0,0.038462,3.295837,healthy_traffic,flash_sale_12,flash_sale
1.098612,0.5,0.5,0,1,0,0,0,0.038462,3.295837,healthy_traffic,flash_sale_12,flash_sale
1.098612,0.5,0.5,0,1,0,0,0,0.038462,3.295837,healthy_traffic,flash_sale_12,flash_sale
1.791759,0.6,0.4,0,0.4,0,1.683142,0.5,0.176471,2.197225,healthy_traffic,customer_error_12,customer_error
1.609438,0.75,0.25,0,0.25,0,0.545507,1,0.176471,2.197225,healthy_traffic,customer_error_12,customer_error
1.609438,0.75,0.25,0,0.25,0,0.090722,1,0.176471,2.197225,healthy_traffic,customer_error_12,customer_error
1.609438,0.75,0.25,0,0.25,0,0.57025,1,0.176471,2.197225,healthy_traffic,customer_error_12,customer_error
1.386294,0.666667,0.333333,0,0.333333,0,0.833333,1,0.176471,2.197225,healthy_traffic,customer_error_12,customer_error
1.098612,0.5,0.5,0,0.5,0,0,1,0.176471,2.197225,healthy_traffic,customer_error_12,customer_error
1.098612,0.5,0.5,0,0.5,0,0,1,0.176471,2.197225,healthy_traffic,customer_error_12,customer_error
1.098612,0.5,0.5,0,0.5,0,0,1,0.176471,2.197225,healthy_traffic,customer_error_12,customer_error
1.791759,0.6,0.4,0,0.4,0,1.679456,0.5,0.176471,2.197225,healthy_traffic,customer_error_12,customer_error
1.609438,0.75,0.25,0,0.25,0,0.545507,1,0.176471,2.197225,healthy_traffic,customer_error_12,customer_error
1.609438,0.75,0.25,0,0.25,0,0.090722,1,0.176471,2.197225,healthy_traffic,customer_error_12,customer_error
1.609438,0.75,0.25,0,0.25,0,0.57025,1,0.176471,2.197225,healthy_traffic,customer_error_12,customer_error
1.386294,0.666667,0.333333,0,0.333333,0,0.833333,1,0.176471,2.197225,healthy_traffic,customer_error_12,customer_error
1.386294,0.333333,0.666667,0,0.666667,0,0.977555,0.5,0.176471,2.197225,healthy_traffic,customer_error_12,customer_error
1.386294,0.333333,0.666667,0,0.666667,0,0.96263,0.5,0.176471,2.197225,healthy_traffic,customer_error_12,customer_error
1.098612,0.5,0.5,0,0.5,0,0,1,0.176471,2.197225,healthy_traffic,customer_error_12,customer_error
4.330733,0.986667,0.013333,0,1,1,0.847888,0,1,0.693147,attack,attack_loud_13,attack_loud
4.330733,0.986667,0.013333,0,1,1,0.847888,0,1,0.693147,attack,attack_loud_13,attack_loud
1.386294,1,0,0,1,1,0.101655,0,0.048387,3.332205,attack,attack_distributed_13,attack_distributed
1.386294,1,0,0,1,1,0.131492,0,0.048387,3.332205,attack,attack_distributed_13,attack_distributed
1.386294,1,0,0,1,1,0.085903,0,0.048387,3.332205,attack,attack_distributed_13,attack_distributed
1.386294,1,0,0,1,1,0.044643,0,0.048387,3.332205,attack,attack_distributed_13,attack_distributed
1.386294,1,0,0,1,1,0.018299,0,0.048387,3.332205,attack,attack_distributed_13,attack_distributed
1.386294,1,0,0,1,1,0.013934,0,0.048387,3.332205,attack,attack_distributed_13,attack_distributed
1.386294,1,0,0,1,1,0.019699,0,0.048387,3.332205,attack,attack_distributed_13,attack_distributed
1.386294,1,0,0,1,1,0.030857,0,0.048387,3.332205,attack,attack_distributed_13,attack_distributed
1.386294,1,0,0,1,1,0.01423,0,0.048387,3.332205,attack,attack_distributed_13,attack_distributed
1.386294,1,0,0,1,1,0.073658,0,0.048387,3.332205,attack,attack_distributed_13,attack_distributed
1.386294,1,0,0,1,1,0.04824,0,0.048387,3.332205,attack,attack_distributed_13,attack_distributed
1.386294,1,0,0,1,1,0.129288,0,0.048387,3.332205,attack,attack_distributed_13,attack_distributed
1.386294,1,0,0,1,1,0.006305,0,0.048387,3.332205,attack,attack_distributed_13,attack_distributed
1.386294,1,0,0,1,1,0.06599,0,0.048387,3.332205,attack,attack_distributed_13,attack_distributed
1.386294,1,0,0,1,1,0.067174,0,0.048387,3.332205,attack,attack_distributed_13,attack_distributed
1.386294,1,0,0,1,1,0.018868,0,0.048387,3.332205,attack,attack_distributed_13,attack_distributed
2.890372,0.941176,0.058824,0,1,1,0.451247,0,0.333333,1.386294,attack,attack_low_amplitude_13,attack_low_amplitude
2.890372,0.941176,0.058824,0,1,1,0.495067,0,0.333333,1.386294,attack,attack_low_amplitude_13,attack_low_amplitude
2.833213,1,0,0,1,1,0.626815,0,0.333333,1.386294,attack,attack_low_amplitude_13,attack_low_amplitude
3.258097,1,0,0,1,1,0.564841,0,0.333333,1.386294,attack,attack_low_amplitude_13,attack_low_amplitude
3.258097,0.92,0.08,0,1,1,0.636249,0,0.333333,1.386294,attack,attack_low_amplitude_13,attack_low_amplitude
1.098612,1,0,1,1,0,0,0,0.047619,3.73767,outage,gateway_outage_13,gateway_outage
0.693147,1,0,1,1,0,0,0,0.047619,3.73767,outage,gateway_outage_13,gateway_outage
0.693147,1,0,1,1,0,0,0,0.047619,3.73767,outage,gateway_outage_13,gateway_outage
0.693147,1,0,1,1,0,0,0,0.047619,3.73767,outage,gateway_outage_13,gateway_outage
0.693147,1,0,1,1,0,0,0,0.047619,3.73767,outage,gateway_outage_13,gateway_outage
0.693147,1,0,1,1,0,0,0,0.047619,3.73767,outage,gateway_outage_13,gateway_outage
0.693147,1,0,1,1,0,0,0,0.047619,3.73767,outage,gateway_outage_13,gateway_outage
0.693147,1,0,1,1,0,0,0,0.047619,3.73767,outage,gateway_outage_13,gateway_outage
1.098612,1,0,1,1,0,0,0,0.047619,3.73767,outage,gateway_outage_13,gateway_outage
1.098612,1,0,1,1,0,0,0,0.047619,3.73767,outage,gateway_outage_13,gateway_outage
1.098612,1,0,1,1,0,0,0,0.047619,3.73767,outage,gateway_outage_13,gateway_outage
1.098612,1,0,1,1,0,0,0,0.047619,3.73767,outage,gateway_outage_13,gateway_outage
1.098612,1,0,1,1,0,0,0,0.047619,3.73767,outage,gateway_outage_13,gateway_outage
1.098612,1,0,1,1,0,0,0,0.047619,3.73767,outage,gateway_outage_13,gateway_outage
1.098612,0.5,0.5,1,1,0,0,0,0.047619,3.73767,outage,gateway_outage_13,gateway_outage
1.098612,0.5,0.5,1,1,0,0,0,0.047619,3.73767,outage,gateway_outage_13,gateway_outage
3.332205,0.888889,0.111111,0,0.148148,0,0.780495,0,0.533333,1.098612,retry_storm,retry_storm_13,retry_storm
3.295837,0.807692,0.192308,0,0.153846,0,0.784114,0,0.533333,1.098612,retry_storm,retry_storm_13,retry_storm
3.988984,0.849057,0.150943,0,0.150943,0,1.103628,0,0.533333,1.098612,retry_storm,retry_storm_13,retry_storm
0.693147,1,0,0,1,0,0,0,0.111111,2.302585,healthy_traffic,normal_traffic_13,normal_traffic
0.693147,1,0,0,1,0,0,0,0.111111,2.302585,healthy_traffic,normal_traffic_13,normal_traffic
0.693147,1,0,0,1,0,0,0,0.111111,2.302585,healthy_traffic,normal_traffic_13,normal_traffic
0.693147,1,0,0,1,0,0,0,0.111111,2.302585,healthy_traffic,normal_traffic_13,normal_traffic
0.693147,1,0,0,1,0,0,0,0.111111,2.302585,healthy_traffic,normal_traffic_13,normal_traffic
0.693147,1,0,0,1,0,0,0,0.111111,2.302585,healthy_traffic,normal_traffic_13,normal_traffic
0.693147,1,0,0,1,0,0,0,0.111111,2.302585,healthy_traffic,normal_traffic_13,normal_traffic
0.693147,1,0,0,1,0,0,0,0.111111,2.302585,healthy_traffic,normal_traffic_13,normal_traffic
1.098612,0.5,0.5,0,1,0,0,0,0.111111,2.302585,healthy_traffic,normal_traffic_13,normal_traffic
1.098612,0.5,0.5,0,1,0,0,0,0.111111,2.302585,healthy_traffic,normal_traffic_13,normal_traffic
1.098612,0.5,0.5,0,1,0,0,0,0.111111,2.302585,healthy_traffic,normal_traffic_13,normal_traffic
1.098612,0.5,0.5,0,1,0,0,0,0.111111,2.302585,healthy_traffic,normal_traffic_13,normal_traffic
0.693147,1,0,0,1,0,0,0,0.111111,2.302585,healthy_traffic,normal_traffic_13,normal_traffic
0.693147,1,0,0,1,0,0,0,0.111111,2.302585,healthy_traffic,normal_traffic_13,normal_traffic
0.693147,1,0,0,1,0,0,0,0.111111,2.302585,healthy_traffic,normal_traffic_13,normal_traffic
0.693147,1,0,0,1,0,0,0,0.111111,2.302585,healthy_traffic,normal_traffic_13,normal_traffic
0.693147,1,0,0,1,0,0,0,0.071429,2.70805,healthy_traffic,flash_sale_13,flash_sale
0.693147,1,0,0,1,0,0,0,0.071429,2.70805,healthy_traffic,flash_sale_13,flash_sale
0.693147,1,0,0,1,0,0,0,0.071429,2.70805,healthy_traffic,flash_sale_13,flash_sale
0.693147,1,0,0,1,0,0,0,0.071429,2.70805,healthy_traffic,flash_sale_13,flash_sale
0.693147,1,0,0,1,0,0,0,0.071429,2.70805,healthy_traffic,flash_sale_13,flash_sale
0.693147,1,0,0,1,0,0,0,0.071429,2.70805,healthy_traffic,flash_sale_13,flash_sale
0.693147,1,0,0,1,0,0,0,0.071429,2.70805,healthy_traffic,flash_sale_13,flash_sale
0.693147,1,0,0,1,0,0,0,0.071429,2.70805,healthy_traffic,flash_sale_13,flash_sale
1.098612,0.5,0.5,0,1,0,0,0,0.071429,2.70805,healthy_traffic,flash_sale_13,flash_sale
1.098612,0.5,0.5,0,1,0,0,0,0.071429,2.70805,healthy_traffic,flash_sale_13,flash_sale
1.098612,0.5,0.5,0,1,0,0,0,0.071429,2.70805,healthy_traffic,flash_sale_13,flash_sale
0.693147,1,0,0,1,0,0,0,0.071429,2.70805,healthy_traffic,flash_sale_13,flash_sale
0.693147,1,0,0,1,0,0,0,0.071429,2.70805,healthy_traffic,flash_sale_13,flash_sale
0.693147,1,0,0,1,0,0,0,0.071429,2.70805,healthy_traffic,flash_sale_13,flash_sale
0.693147,1,0,0,1,0,0,0,0.071429,2.70805,healthy_traffic,flash_sale_13,flash_sale
0.693147,1,0,0,1,0,0,0,0.071429,2.70805,healthy_traffic,flash_sale_13,flash_sale
1.609438,0.75,0.25,0,0.25,0,0.838399,1,0.333333,1.609438,healthy_traffic,customer_error_13,customer_error
1.609438,0.75,0.25,0,0.25,0,0.636878,1,0.333333,1.609438,healthy_traffic,customer_error_13,customer_error
1.386294,0.666667,0.333333,0,0.333333,0,0.142857,1,0.333333,1.609438,healthy_traffic,customer_error_13,customer_error
1.098612,0.5,0.5,0,0.5,0,0,1,0.333333,1.609438,healthy_traffic,customer_error_13,customer_error
1.098612,0,1,0,1,0,0,0,0.333333,1.609438,healthy_traffic,customer_error_13,customer_error
1.098612,0,1,0,1,0,0,0,0.333333,1.609438,healthy_traffic,customer_error_13,customer_error
0.693147,0,1,0,1,0,0,0,0.333333,1.609438,healthy_traffic,customer_error_13,customer_error
0.693147,0,1,0,1,0,0,0,0.333333,1.609438,healthy_traffic,customer_error_13,customer_error
1.791759,0.6,0.4,0,0.4,0,1.696088,0.5,0.333333,1.609438,healthy_traffic,customer_error_13,customer_error
1.609438,0.75,0.25,0,0.25,0,0.636878,1,0.333333,1.609438,healthy_traffic,customer_error_13,customer_error
1.386294,0.666667,0.333333,0,0.333333,0,0.142857,1,0.333333,1.609438,healthy_traffic,customer_error_13,customer_error
1.386294,0.333333,0.666667,0,0.666667,0,0.996959,0.5,0.333333,1.609438,healthy_traffic,customer_error_13,customer_error
1.098612,0,1,0,1,0,0,0,0.333333,1.609438,healthy_traffic,customer_error_13,customer_error
1.098612,0,1,0,1,0,0,0,0.333333,1.609438,healthy_traffic,customer_error_13,customer_error
1.098612,0,1,0,1,0,0,0,0.333333,1.609438,healthy_traffic,customer_error_13,customer_error
1.098612,0,1,0,1,0,0,0,0.333333,1.609438,healthy_traffic,customer_error_13,customer_error
4.317488,0.945946,0.054054,0,1,1,1.036746,0,1,0.693147,attack,attack_loud_14,attack_loud
4.317488,0.945946,0.054054,0,1,1,1.036746,0,1,0.693147,attack,attack_loud_14,attack_loud
1.386294,1,0,0,1,1,0.014461,0,0.051724,3.401197,attack,attack_distributed_14,attack_distributed
1.386294,1,0,0,1,1,0.09529,0,0.051724,3.401197,attack,attack_distributed_14,attack_distributed
1.386294,1,0,0,1,1,0.115721,0,0.051724,3.401197,attack,attack_distributed_14,attack_distributed
1.386294,1,0,0,1,1,0.130238,0,0.051724,3.401197,attack,attack_distributed_14,attack_distributed
1.386294,0.666667,0.333333,0,1,1,0.125828,0,0.051724,3.401197,attack,attack_distributed_14,attack_distributed
1.098612,1,0,0,1,1,0,0,0.051724,3.401197,attack,attack_distributed_14,attack_distributed
1.098612,1,0,0,1,1,0,0,0.051724,3.401197,attack,attack_distributed_14,attack_distributed
1.098612,1,0,0,1,1,0,0,0.051724,3.401197,attack,attack_distributed_14,attack_distributed
1.386294,1,0,0,1,1,0.400264,0,0.051724,3.401197,attack,attack_distributed_14,attack_distributed
1.386294,1,0,0,1,1,0.233716,0,0.051724,3.401197,attack,attack_distributed_14,attack_distributed
1.386294,1,0,0,1,1,0.003802,0,0.051724,3.401197,attack,attack_distributed_14,attack_distributed
1.386294,1,0,0,1,1,0.06801,0,0.051724,3.401197,attack,attack_distributed_14,attack_distributed
1.386294,1,0,0,1,1,0.166889,0,0.051724,3.401197,attack,attack_distributed_14,attack_distributed
1.386294,1,0,0,1,1,0.215324,0,0.051724,3.401197,attack,attack_distributed_14,attack_distributed
1.386294,1,0,0,1,1,0.201983,0,0.051724,3.401197,attack,attack_distributed_14,attack_distributed
1.386294,1,0,0,1,1,0.174522,0,0.051724,3.401197,attack,attack_distributed_14,attack_distributed
2.890372,0.941176,0.058824,0,1,1,0.516289,0,0.333333,1.386294,attack,attack_low_amplitude_14,attack_low_amplitude
2.833213,1,0,0,1,1,0.608859,0,0.333333,1.386294,attack,attack_low_amplitude_14,attack_low_amplitude
2.833213,1,0,0,1,1,0.48336,0,0.333333,1.386294,attack,attack_low_amplitude_14,attack_low_amplitude
3.258097,0.96,0.04,0,1,1,0.633261,0,0.333333,1.386294,attack,attack_low_amplitude_14,attack_low_amplitude
3.218876,1,0,0,1,1,0.720459,0,0.333333,1.386294,attack,attack_low_amplitude_14,attack_low_amplitude
0.693147,1,0,1,1,0,0,0,0.025641,3.688879,outage,gateway_outage_14,gateway_outage
0.693147,1,0,1,1,0,0,0,0.025641,3.688879,outage,gateway_outage_14,gateway_outage
0.693147,1,0,1,1,0,0,0,0.025641,3.688879,outage,gateway_outage_14,gateway_outage
0.693147,1,0,1,1,0,0,0,0.025641,3.688879,outage,gateway_outage_14,gateway_outage
0.693147,1,0,1,1,0,0,0,0.025641,3.688879,outage,gateway_outage_14,gateway_outage
0.693147,1,0,1,1,0,0,0,0.025641,3.688879,outage,gateway_outage_14,gateway_outage
0.693147,1,0,1,1,0,0,0,0.025641,3.688879,outage,gateway_outage_14,gateway_outage
0.693147,1,0,1,1,0,0,0,0.025641,3.688879,outage,gateway_outage_14,gateway_outage
1.098612,1,0,1,1,0,0,0,0.025641,3.688879,outage,gateway_outage_14,gateway_outage
1.098612,1,0,1,1,0,0,0,0.025641,3.688879,outage,gateway_outage_14,gateway_outage
1.098612,1,0,1,1,0,0,0,0.025641,3.688879,outage,gateway_outage_14,gateway_outage
1.098612,0.5,0.5,1,1,0,0,0,0.025641,3.688879,outage,gateway_outage_14,gateway_outage
1.098612,0.5,0.5,1,1,0,0,0,0.025641,3.688879,outage,gateway_outage_14,gateway_outage
1.098612,0.5,0.5,1,1,0,0,0,0.025641,3.688879,outage,gateway_outage_14,gateway_outage
1.098612,0.5,0.5,1,1,0,0,0,0.025641,3.688879,outage,gateway_outage_14,gateway_outage
1.098612,0.5,0.5,1,1,0,0,0,0.025641,3.688879,outage,gateway_outage_14,gateway_outage
3.295837,0.923077,0.076923,0,0.153846,0,0.839995,0,0.533333,1.098612,retry_storm,retry_storm_14,retry_storm
3.295837,0.807692,0.192308,0,0.153846,0,0.743275,0,0.533333,1.098612,retry_storm,retry_storm_14,retry_storm
3.970292,0.865385,0.134615,0,0.153846,0,1.152292,0,0.533333,1.098612,retry_storm,retry_storm_14,retry_storm
0.693147,1,0,0,1,0,0,0,0.25,1.609438,healthy_traffic,normal_traffic_14,normal_traffic
0.693147,1,0,0,1,0,0,0,0.25,1.609438,healthy_traffic,normal_traffic_14,normal_traffic
0.693147,1,0,0,1,0,0,0,0.25,1.609438,healthy_traffic,normal_traffic_14,normal_traffic
0.693147,1,0,0,1,0,0,0,0.25,1.609438,healthy_traffic,normal_traffic_14,normal_traffic
0.693147,0,1,0,1,0,0,0,0.25,1.609438,healthy_traffic,normal_traffic_14,normal_traffic
0.693147,0,1,0,1,0,0,0,0.25,1.609438,healthy_traffic,normal_traffic_14,normal_traffic
0.693147,0,1,0,1,0,0,0,0.25,1.609438,healthy_traffic,normal_traffic_14,normal_traffic
0.693147,0,1,0,1,0,0,0,0.25,1.609438,healthy_traffic,normal_traffic_14,normal_traffic
1.098612,0.5,0.5,0,1,0,0,0,0.25,1.609438,healthy_traffic,normal_traffic_14,normal_traffic
0.693147,1,0,0,1,0,0,0,0.25,1.609438,healthy_traffic,normal_traffic_14,normal_traffic
0.693147,1,0,0,1,0,0,0,0.25,1.609438,healthy_traffic,normal_traffic_14,normal_traffic
0.693147,1,0,0,1,0,0,0,0.25,1.609438,healthy_traffic,normal_traffic_14,normal_traffic
1.098612,0,1,0,1,0,0,0,0.25,1.609438,healthy_traffic,normal_traffic_14,normal_traffic
1.098612,0,1,0,1,0,0,0,0.25,1.609438,healthy_traffic,normal_traffic_14,normal_traffic
1.098612,0,1,0,1,0,0,0,0.25,1.609438,healthy_traffic,normal_traffic_14,normal_traffic
1.098612,0,1,0,1,0,0,0,0.25,1.609438,healthy_traffic,normal_traffic_14,normal_traffic
0.693147,1,0,0,1,0,0,0,0.0625,2.833213,healthy_traffic,flash_sale_14,flash_sale
0.693147,1,0,0,1,0,0,0,0.0625,2.833213,healthy_traffic,flash_sale_14,flash_sale
0.693147,1,0,0,1,0,0,0,0.0625,2.833213,healthy_traffic,flash_sale_14,flash_sale
0.693147,1,0,0,1,0,0,0,0.0625,2.833213,healthy_traffic,flash_sale_14,flash_sale
0.693147,1,0,0,1,0,0,0,0.0625,2.833213,healthy_traffic,flash_sale_14,flash_sale
0.693147,1,0,0,1,0,0,0,0.0625,2.833213,healthy_traffic,flash_sale_14,flash_sale
0.693147,1,0,0,1,0,0,0,0.0625,2.833213,healthy_traffic,flash_sale_14,flash_sale
0.693147,1,0,0,1,0,0,0,0.0625,2.833213,healthy_traffic,flash_sale_14,flash_sale
1.098612,0.5,0.5,0,1,0,0,0,0.0625,2.833213,healthy_traffic,flash_sale_14,flash_sale
1.098612,0.5,0.5,0,1,0,0,0,0.0625,2.833213,healthy_traffic,flash_sale_14,flash_sale
1.098612,0.5,0.5,0,1,0,0,0,0.0625,2.833213,healthy_traffic,flash_sale_14,flash_sale
1.098612,0.5,0.5,0,1,0,0,0,0.0625,2.833213,healthy_traffic,flash_sale_14,flash_sale
1.098612,0.5,0.5,0,1,0,0,0,0.0625,2.833213,healthy_traffic,flash_sale_14,flash_sale
0.693147,1,0,0,1,0,0,0,0.0625,2.833213,healthy_traffic,flash_sale_14,flash_sale
0.693147,1,0,0,1,0,0,0,0.0625,2.833213,healthy_traffic,flash_sale_14,flash_sale
0.693147,1,0,0,1,0,0,0,0.0625,2.833213,healthy_traffic,flash_sale_14,flash_sale
1.609438,0.75,0.25,0,0.25,0,0.263497,1,0.272727,1.94591,healthy_traffic,customer_error_14,customer_error
1.609438,0.75,0.25,0,0.25,0,0.490306,1,0.272727,1.94591,healthy_traffic,customer_error_14,customer_error
1.386294,0.666667,0.333333,0,0.333333,0,0.517241,1,0.272727,1.94591,healthy_traffic,customer_error_14,customer_error
1.098612,0.5,0.5,0,0.5,0,0,1,0.272727,1.94591,healthy_traffic,customer_error_14,customer_error
1.098612,0.5,0.5,0,0.5,0,0,1,0.272727,1.94591,healthy_traffic,customer_error_14,customer_error
1.098612,0.5,0.5,0,0.5,0,0,1,0.272727,1.94591,healthy_traffic,customer_error_14,customer_error
0.693147,0,1,0,1,0,0,0,0.272727,1.94591,healthy_traffic,customer_error_14,customer_error
0.693147,0,1,0,1,0,0,0,0.272727,1.94591,healthy_traffic,customer_error_14,customer_error
1.609438,0.75,0.25,0,0.25,0,0.263497,1,0.272727,1.94591,healthy_traffic,customer_error_14,customer_error
1.609438,0.75,0.25,0,0.25,0,0.490306,1,0.272727,1.94591,healthy_traffic,customer_error_14,customer_error
1.386294,0.666667,0.333333,0,0.333333,0,0.517241,1,0.272727,1.94591,healthy_traffic,customer_error_14,customer_error
1.098612,0.5,0.5,0,0.5,0,0,1,0.272727,1.94591,healthy_traffic,customer_error_14,customer_error
1.098612,0.5,0.5,0,0.5,0,0,1,0.272727,1.94591,healthy_traffic,customer_error_14,customer_error
1.098612,0.5,0.5,0,0.5,0,0,1,0.272727,1.94591,healthy_traffic,customer_error_14,customer_error
1.098612,0,1,0,1,0,0,0,0.272727,1.94591,healthy_traffic,customer_error_14,customer_error
1.098612,0,1,0,1,0,0,0,0.272727,1.94591,healthy_traffic,customer_error_14,customer_error
4.077537,0.982759,0.017241,0,1,1,1.040413,0,1,0.693147,attack,attack_loud_15,attack_loud
4.077537,0.982759,0.017241,0,1,1,1.040413,0,1,0.693147,attack,attack_loud_15,attack_loud
1.098612,1,0,0,1,1,0,0,0.041667,3.367296,attack,attack_distributed_15,attack_distributed
1.098612,1,0,0,1,1,0,0,0.041667,3.367296,attack,attack_distributed_15,attack_distributed
1.098612,1,0,0,1,1,0,0,0.041667,3.367296,attack,attack_distributed_15,attack_distributed
1.098612,1,0,0,1,1,0,0,0.041667,3.367296,attack,attack_distributed_15,attack_distributed
1.098612,1,0,0,1,1,0,0,0.041667,3.367296,attack,attack_distributed_15,attack_distributed
1.098612,1,0,0,1,1,0,0,0.041667,3.367296,attack,attack_distributed_15,attack_distributed
1.098612,1,0,0,1,1,0,0,0.041667,3.367296,attack,attack_distributed_15,attack_distributed
1.098612,1,0,0,1,1,0,0,0.041667,3.367296,attack,attack_distributed_15,attack_distributed
1.098612,1,0,0,1,1,0,0,0.041667,3.367296,attack,attack_distributed_15,attack_distributed
1.098612,1,0,0,1,1,0,0,0.041667,3.367296,attack,attack_distributed_15,attack_distributed
1.098612,1,0,0,1,1,0,0,0.041667,3.367296,attack,attack_distributed_15,attack_distributed
1.098612,1,0,0,1,1,0,0,0.041667,3.367296,attack,attack_distributed_15,attack_distributed
1.098612,1,0,0,1,1,0,0,0.041667,3.367296,attack,attack_distributed_15,attack_distributed
1.098612,1,0,0,1,1,0,0,0.041667,3.367296,attack,attack_distributed_15,attack_distributed
1.098612,1,0,0,1,1,0,0,0.041667,3.367296,attack,attack_distributed_15,attack_distributed
1.098612,1,0,0,1,1,0,0,0.041667,3.367296,attack,attack_distributed_15,attack_distributed
2.70805,0.928571,0.071429,0,1,1,0.509298,0,0.351351,1.386294,attack,attack_low_amplitude_15,attack_low_amplitude
2.639057,1,0,0,1,1,0.441156,0,0.351351,1.386294,attack,attack_low_amplitude_15,attack_low_amplitude
2.639057,0.846154,0.153846,0,1,1,0.75844,0,0.351351,1.386294,attack,attack_low_amplitude_15,attack_low_amplitude
2.70805,0.928571,0.071429,0,1,1,0.509298,0,0.351351,1.386294,attack,attack_low_amplitude_15,attack_low_amplitude
2.639057,1,0,0,1,1,0.441156,0,0.351351,1.386294,attack,attack_low_amplitude_15,attack_low_amplitude
2.639057,0.846154,0.153846,0,1,1,0.75844,0,0.351351,1.386294,attack,attack_low_amplitude_15,attack_low_amplitude
0.693147,1,0,1,1,0,0,0,0.029412,3.555348,outage,gateway_outage_15,gateway_outage
0.693147,1,0,1,1,0,0,0,0.029412,3.555348,outage,gateway_outage_15,gateway_outage
0.693147,1,0,1,1,0,0,0,0.029412,3.555348,outage,gateway_outage_15,gateway_outage
0.693147,1,0,1,1,0,0,0,0.029412,3.555348,outage,gateway_outage_15,gateway_outage
0.693147,1,0,1,1,0,0,0,0.029412,3.555348,outage,gateway_outage_15,gateway_outage
0.693147,1,0,1,1,0,0,0,0.029412,3.555348,outage,gateway_outage_15,gateway_outage
0.693147,1,0,1,1,0,0,0,0.029412,3.555348,outage,gateway_outage_15,gateway_outage
0.693147,1,0,1,1,0,0,0,0.029412,3.555348,outage,gateway_outage_15,gateway_outage
0.693147,1,0,1,1,0,0,0,0.029412,3.555348,outage,gateway_outage_15,gateway_outage
0.693147,1,0,1,1,0,0,0,0.029412,3.555348,outage,gateway_outage_15,gateway_outage
0.693147,1,0,1,1,0,0,0,0.029412,3.555348,outage,gateway_outage_15,gateway_outage
0.693147,1,0,1,1,0,0,0,0.029412,3.555348,outage,gateway_outage_15,gateway_outage
0.693147,1,0,1,1,0,0,0,0.029412,3.555348,outage,gateway_outage_15,gateway_outage
0.693147,1,0,1,1,0,0,0,0.029412,3.555348,outage,gateway_outage_15,gateway_outage
0.693147,1,0,1,1,0,0,0,0.029412,3.555348,outage,gateway_outage_15,gateway_outage
0.693147,1,0,1,1,0,0,0,0.029412,3.555348,outage,gateway_outage_15,gateway_outage
3.135494,0.863636,0.136364,0,0.181818,0,0.583563,0,0.542857,1.098612,retry_storm,retry_storm_15,retry_storm
3.135494,0.727273,0.272727,0,0.181818,0,0.559495,0,0.542857,1.098612,retry_storm,retry_storm_15,retry_storm
3.806662,0.795455,0.204545,0,0.181818,0,0.910073,0,0.542857,1.098612,retry_storm,retry_storm_15,retry_storm
0.693147,1,0,0,1,0,0,0,0.25,1.609438,healthy_traffic,normal_traffic_15,normal_traffic
0.693147,1,0,0,1,0,0,0,0.25,1.609438,healthy_traffic,normal_traffic_15,normal_traffic
0.693147,1,0,0,1,0,0,0,0.25,1.609438,healthy_traffic,normal_traffic_15,normal_traffic
0.693147,1,0,0,1,0,0,0,0.25,1.609438,healthy_traffic,normal_traffic_15,normal_traffic
0.693147,0,1,0,1,0,0,0,0.25,1.609438,healthy_traffic,normal_traffic_15,normal_traffic
0.693147,0,1,0,1,0,0,0,0.25,1.609438,healthy_traffic,normal_traffic_15,normal_traffic
0.693147,0,1,0,1,0,0,0,0.25,1.609438,healthy_traffic,normal_traffic_15,normal_traffic
0.693147,0,1,0,1,0,0,0,0.25,1.609438,healthy_traffic,normal_traffic_15,normal_traffic
0.693147,1,0,0,1,0,0,0,0.25,1.609438,healthy_traffic,normal_traffic_15,normal_traffic
0.693147,1,0,0,1,0,0,0,0.25,1.609438,healthy_traffic,normal_traffic_15,normal_traffic
0.693147,1,0,0,1,0,0,0,0.25,1.609438,healthy_traffic,normal_traffic_15,normal_traffic
0.693147,1,0,0,1,0,0,0,0.25,1.609438,healthy_traffic,normal_traffic_15,normal_traffic
0.693147,0,1,0,1,0,0,0,0.25,1.609438,healthy_traffic,normal_traffic_15,normal_traffic
0.693147,0,1,0,1,0,0,0,0.25,1.609438,healthy_traffic,normal_traffic_15,normal_traffic
0.693147,0,1,0,1,0,0,0,0.25,1.609438,healthy_traffic,normal_traffic_15,normal_traffic
0.693147,0,1,0,1,0,0,0,0.25,1.609438,healthy_traffic,normal_traffic_15,normal_traffic
0.693147,1,0,0,1,0,0,0,0.071429,2.70805,healthy_traffic,flash_sale_15,flash_sale
0.693147,1,0,0,1,0,0,0,0.071429,2.70805,healthy_traffic,flash_sale_15,flash_sale
0.693147,1,0,0,1,0,0,0,0.071429,2.70805,healthy_traffic,flash_sale_15,flash_sale
0.693147,1,0,0,1,0,0,0,0.071429,2.70805,healthy_traffic,flash_sale_15,flash_sale
0.693147,1,0,0,1,0,0,0,0.071429,2.70805,healthy_traffic,flash_sale_15,flash_sale
0.693147,1,0,0,1,0,0,0,0.071429,2.70805,healthy_traffic,flash_sale_15,flash_sale
0.693147,1,0,0,1,0,0,0,0.071429,2.70805,healthy_traffic,flash_sale_15,flash_sale
0.693147,1,0,0,1,0,0,0,0.071429,2.70805,healthy_traffic,flash_sale_15,flash_sale
0.693147,1,0,0,1,0,0,0,0.071429,2.70805,healthy_traffic,flash_sale_15,flash_sale
0.693147,1,0,0,1,0,0,0,0.071429,2.70805,healthy_traffic,flash_sale_15,flash_sale
0.693147,1,0,0,1,0,0,0,0.071429,2.70805,healthy_traffic,flash_sale_15,flash_sale
0.693147,1,0,0,1,0,0,0,0.071429,2.70805,healthy_traffic,flash_sale_15,flash_sale
0.693147,1,0,0,1,0,0,0,0.071429,2.70805,healthy_traffic,flash_sale_15,flash_sale
0.693147,1,0,0,1,0,0,0,0.071429,2.70805,healthy_traffic,flash_sale_15,flash_sale
0.693147,1,0,0,1,0,0,0,0.071429,2.70805,healthy_traffic,flash_sale_15,flash_sale
0.693147,1,0,0,1,0,0,0,0.071429,2.70805,healthy_traffic,flash_sale_15,flash_sale
1.609438,0.75,0.25,0,0.25,0,0.519589,1,0.1875,2.197225,healthy_traffic,customer_error_15,customer_error
1.609438,0.75,0.25,0,0.25,0,0.462927,1,0.1875,2.197225,healthy_traffic,customer_error_15,customer_error
1.609438,0.75,0.25,0,0.25,0,0.11134,1,0.1875,2.197225,healthy_traffic,customer_error_15,customer_error
1.386294,0.666667,0.333333,0,0.333333,0,0.037037,1,0.1875,2.197225,healthy_traffic,customer_error_15,customer_error
1.386294,0.666667,0.333333,0,0.333333,0,0.015873,1,0.1875,2.197225,healthy_traffic,customer_error_15,customer_error
1.098612,0.5,0.5,0,0.5,0,0,1,0.1875,2.197225,healthy_traffic,customer_error_15,customer_error
1.098612,0.5,0.5,0,0.5,0,0,1,0.1875,2.197225,healthy_traffic,customer_error_15,customer_error
1.098612,0.5,0.5,0,0.5,0,0,1,0.1875,2.197225,healthy_traffic,customer_error_15,customer_error
1.609438,0.75,0.25,0,0.25,0,0.519589,1,0.1875,2.197225,healthy_traffic,customer_error_15,customer_error
1.609438,0.75,0.25,0,0.25,0,0.462927,1,0.1875,2.197225,healthy_traffic,customer_error_15,customer_error
1.609438,0.75,0.25,0,0.25,0,0.11134,1,0.1875,2.197225,healthy_traffic,customer_error_15,customer_error
1.386294,0.666667,0.333333,0,0.333333,0,0.037037,1,0.1875,2.197225,healthy_traffic,customer_error_15,customer_error
1.386294,0.666667,0.333333,0,0.333333,0,0.015873,1,0.1875,2.197225,healthy_traffic,customer_error_15,customer_error
1.098612,0.5,0.5,0,0.5,0,0,1,0.1875,2.197225,healthy_traffic,customer_error_15,customer_error
1.098612,0.5,0.5,0,0.5,0,0,1,0.1875,2.197225,healthy_traffic,customer_error_15,customer_error
1.098612,0.5,0.5,0,0.5,0,0,1,0.1875,2.197225,healthy_traffic,customer_error_15,customer_error
4.127134,0.95082,0.04918,0,1,1,0.972972,0,1,0.693147,attack,attack_loud_16,attack_loud
4.127134,0.95082,0.04918,0,1,1,0.972972,0,1,0.693147,attack,attack_loud_16,attack_loud
1.386294,1,0,0,1,1,0.123511,0,0.06,3.178054,attack,attack_distributed_16,attack_distributed
1.386294,1,0,0,1,1,0.14304,0,0.06,3.178054,attack,attack_distributed_16,attack_distributed
1.386294,1,0,0,1,1,0.013699,0,0.06,3.178054,attack,attack_distributed_16,attack_distributed
1.386294,1,0,0,1,1,0.202179,0,0.06,3.178054,attack,attack_distributed_16,attack_distributed
1.386294,1,0,0,1,1,0.20154,0,0.06,3.178054,attack,attack_distributed_16,attack_distributed
1.386294,1,0,0,1,1,0.209272,0,0.06,3.178054,attack,attack_distributed_16,attack_distributed
1.386294,1,0,0,1,1,0.234735,0,0.06,3.178054,attack,attack_distributed_16,attack_distributed
1.098612,1,0,0,1,1,0,0,0.06,3.178054,attack,attack_distributed_16,attack_distributed
1.386294,1,0,0,1,1,0.188602,0,0.06,3.178054,attack,attack_distributed_16,attack_distributed
1.386294,1,0,0,1,1,0.176949,0,0.06,3.178054,attack,attack_distributed_16,attack_distributed
1.386294,1,0,0,1,1,0.132282,0,0.06,3.178054,attack,attack_distributed_16,attack_distributed
1.386294,1,0,0,1,1,0.000701,0,0.06,3.178054,attack,attack_distributed_16,attack_distributed
1.386294,1,0,0,1,1,0.264234,0,0.06,3.178054,attack,attack_distributed_16,attack_distributed
1.386294,1,0,0,1,1,0.127601,0,0.06,3.178054,attack,attack_distributed_16,attack_distributed
1.386294,1,0,0,1,1,0.170559,0,0.06,3.178054,attack,attack_distributed_16,attack_distributed
1.386294,1,0,0,1,1,0.241329,0,0.06,3.178054,attack,attack_distributed_16,attack_distributed
3.091042,0.952381,0.047619,0,1,1,0.600216,0,0.512821,1.098612,attack,attack_low_amplitude_16,attack_low_amplitude
3.044522,0.95,0.05,0,1,1,0.696726,0,0.512821,1.098612,attack,attack_low_amplitude_16,attack_low_amplitude
3.091042,0.952381,0.047619,0,1,1,0.600216,0,0.512821,1.098612,attack,attack_low_amplitude_16,attack_low_amplitude
3.044522,0.95,0.05,0,1,1,0.696726,0,0.512821,1.098612,attack,attack_low_amplitude_16,attack_low_amplitude
0.693147,1,0,1,1,0,0,0,0.035714,3.367296,outage,gateway_outage_16,gateway_outage
0.693147,1,0,1,1,0,0,0,0.035714,3.367296,outage,gateway_outage_16,gateway_outage
0.693147,1,0,1,1,0,0,0,0.035714,3.367296,outage,gateway_outage_16,gateway_outage
0.693147,1,0,1,1,0,0,0,0.035714,3.367296,outage,gateway_outage_16,gateway_outage
0.693147,1,0,1,1,0,0,0,0.035714,3.367296,outage,gateway_outage_16,gateway_outage
0.693147,1,0,1,1,0,0,0,0.035714,3.367296,outage,gateway_outage_16,gateway_outage
0.693147,1,0,1,1,0,0,0,0.035714,3.367296,outage,gateway_outage_16,gateway_outage
0.693147,1,0,1,1,0,0,0,0.035714,3.367296,outage,gateway_outage_16,gateway_outage
1.098612,1,0,1,1,0,0,0,0.035714,3.367296,outage,gateway_outage_16,gateway_outage
1.098612,1,0,1,1,0,0,0,0.035714,3.367296,outage,gateway_outage_16,gateway_outage
1.098612,1,0,1,1,0,0,0,0.035714,3.367296,outage,gateway_outage_16,gateway_outage
1.098612,1,0,1,1,0,0,0,0.035714,3.367296,outage,gateway_outage_16,gateway_outage
1.098612,0.5,0.5,1,1,0,0,0,0.035714,3.367296,outage,gateway_outage_16,gateway_outage
1.098612,0.5,0.5,1,1,0,0,0,0.035714,3.367296,outage,gateway_outage_16,gateway_outage
1.098612,0.5,0.5,1,1,0,0,0,0.035714,3.367296,outage,gateway_outage_16,gateway_outage
0.693147,1,0,1,1,0,0,0,0.035714,3.367296,outage,gateway_outage_16,gateway_outage
3.828641,0.888889,0.111111,0,0.177778,0,0.828577,0,1,0.693147,retry_storm,retry_storm_16,retry_storm
3.828641,0.888889,0.111111,0,0.177778,0,0.828577,0,1,0.693147,retry_storm,retry_storm_16,retry_storm
0.693147,1,0,0,1,0,0,0,0.2,1.791759,healthy_traffic,normal_traffic_16,normal_traffic
0.693147,1,0,0,1,0,0,0,0.2,1.791759,healthy_traffic,normal_traffic_16,normal_traffic
0.693147,1,0,0,1,0,0,0,0.2,1.791759,healthy_traffic,normal_traffic_16,normal_traffic
0.693147,1,0,0,1,0,0,0,0.2,1.791759,healthy_traffic,normal_traffic_16,normal_traffic
0.693147,1,0,0,1,0,0,0,0.2,1.791759,healthy_traffic,normal_traffic_16,normal_traffic
0.693147,0,1,0,1,0,0,0,0.2,1.791759,healthy_traffic,normal_traffic_16,normal_traffic
0.693147,0,1,0,1,0,0,0,0.2,1.791759,healthy_traffic,normal_traffic_16,normal_traffic
0.693147,0,1,0,1,0,0,0,0.2,1.791759,healthy_traffic,normal_traffic_16,normal_traffic
1.098612,0.5,0.5,0,1,0,0,0,0.2,1.791759,healthy_traffic,normal_traffic_16,normal_traffic
0.693147,1,0,0,1,0,0,0,0.2,1.791759,healthy_traffic,normal_traffic_16,normal_traffic
0.693147,1,0,0,1,0,0,0,0.2,1.791759,healthy_traffic,normal_traffic_16,normal_traffic
0.693147,1,0,0,1,0,0,0,0.2,1.791759,healthy_traffic,normal_traffic_16,normal_traffic
0.693147,1,0,0,1,0,0,0,0.2,1.791759,healthy_traffic,normal_traffic_16,normal_traffic
1.098612,0,1,0,1,0,0,0,0.2,1.791759,healthy_traffic,normal_traffic_16,normal_traffic
1.098612,0,1,0,1,0,0,0,0.2,1.791759,healthy_traffic,normal_traffic_16,normal_traffic
1.098612,0,1,0,1,0,0,0,0.2,1.791759,healthy_traffic,normal_traffic_16,normal_traffic
0.693147,1,0,0,1,0,0,0,0.076923,2.639057,healthy_traffic,flash_sale_16,flash_sale
0.693147,1,0,0,1,0,0,0,0.076923,2.639057,healthy_traffic,flash_sale_16,flash_sale
0.693147,1,0,0,1,0,0,0,0.076923,2.639057,healthy_traffic,flash_sale_16,flash_sale
0.693147,1,0,0,1,0,0,0,0.076923,2.639057,healthy_traffic,flash_sale_16,flash_sale
0.693147,1,0,0,1,0,0,0,0.076923,2.639057,healthy_traffic,flash_sale_16,flash_sale
0.693147,1,0,0,1,0,0,0,0.076923,2.639057,healthy_traffic,flash_sale_16,flash_sale
0.693147,1,0,0,1,0,0,0,0.076923,2.639057,healthy_traffic,flash_sale_16,flash_sale
0.693147,1,0,0,1,0,0,0,0.076923,2.639057,healthy_traffic,flash_sale_16,flash_sale
1.098612,0.5,0.5,0,1,0,0,0,0.076923,2.639057,healthy_traffic,flash_sale_16,flash_sale
1.098612,0.5,0.5,0,1,0,0,0,0.076923,2.639057,healthy_traffic,flash_sale_16,flash_sale
1.098612,0.5,0.5,0,1,0,0,0,0.076923,2.639057,healthy_traffic,flash_sale_16,flash_sale
1.098612,0.5,0.5,0,1,0,0,0,0.076923,2.639057,healthy_traffic,flash_sale_16,flash_sale
0.693147,1,0,0,1,0,0,0,0.076923,2.639057,healthy_traffic,flash_sale_16,flash_sale
0.693147,1,0,0,1,0,0,0,0.076923,2.639057,healthy_traffic,flash_sale_16,flash_sale
0.693147,1,0,0,1,0,0,0,0.076923,2.639057,healthy_traffic,flash_sale_16,flash_sale
0.693147,1,0,0,1,0,0,0,0.076923,2.639057,healthy_traffic,flash_sale_16,flash_sale
1.791759,0.6,0.4,0,0.4,0,1.676315,0.5,0.272727,1.791759,healthy_traffic,customer_error_16,customer_error
1.609438,0.75,0.25,0,0.25,0,0.363359,1,0.272727,1.791759,healthy_traffic,customer_error_16,customer_error
1.386294,0.666667,0.333333,0,0.333333,0,0.533333,1,0.272727,1.791759,healthy_traffic,customer_error_16,customer_error
1.386294,0.666667,0.333333,0,0.333333,0,0.314286,1,0.272727,1.791759,healthy_traffic,customer_error_16,customer_error
1.098612,0.5,0.5,0,0.5,0,0,1,0.272727,1.791759,healthy_traffic,customer_error_16,customer_error
0.693147,0,1,0,1,0,0,0,0.272727,1.791759,healthy_traffic,customer_error_16,customer_error
0.693147,0,1,0,1,0,0,0,0.272727,1.791759,healthy_traffic,customer_error_16,customer_error
0.693147,0,1,0,1,0,0,0,0.272727,1.791759,healthy_traffic,customer_error_16,customer_error
2.197225,0.75,0.25,0,0.25,0,2.29991,1,0.272727,1.791759,healthy_traffic,customer_error_16,customer_error
1.609438,0.5,0.5,0,0.5,0,1.393737,0.5,0.272727,1.791759,healthy_traffic,customer_error_16,customer_error
1.609438,0.5,0.5,0,0.5,0,1.379106,0.5,0.272727,1.791759,healthy_traffic,customer_error_16,customer_error
1.098612,0.5,0.5,0,0.5,0,0,1,0.272727,1.791759,healthy_traffic,customer_error_16,customer_error
1.098612,0,1,0,1,0,0,0,0.272727,1.791759,healthy_traffic,customer_error_16,customer_error
1.098612,0,1,0,1,0,0,0,0.272727,1.791759,healthy_traffic,customer_error_16,customer_error
0.693147,0,1,0,1,0,0,0,0.272727,1.791759,healthy_traffic,customer_error_16,customer_error
0.693147,0,1,0,1,0,0,0,0.272727,1.791759,healthy_traffic,customer_error_16,customer_error
4.465908,0.965116,0.034884,0,1,1,0.941051,0,1,0.693147,attack,attack_loud_17,attack_loud
4.465908,0.965116,0.034884,0,1,1,0.941051,0,1,0.693147,attack,attack_loud_17,attack_loud
1.386294,1,0,0,1,1,0.012438,0,0.043478,3.218876,attack,attack_distributed_17,attack_distributed
1.386294,1,0,0,1,1,0.060052,0,0.043478,3.218876,attack,attack_distributed_17,attack_distributed
1.386294,1,0,0,1,1,0.120211,0,0.043478,3.218876,attack,attack_distributed_17,attack_distributed
1.386294,1,0,0,1,1,0.095628,0,0.043478,3.218876,attack,attack_distributed_17,attack_distributed
1.386294,1,0,0,1,1,0.145119,0,0.043478,3.218876,attack,attack_distributed_17,attack_distributed
1.386294,1,0,0,1,1,0.13079,0,0.043478,3.218876,attack,attack_distributed_17,attack_distributed
1.386294,1,0,0,1,1,0.078353,0,0.043478,3.218876,attack,attack_distributed_17,attack_distributed
1.386294,1,0,0,1,1,0.132221,0,0.043478,3.218876,attack,attack_distributed_17,attack_distributed
1.098612,1,0,0,1,1,0,0,0.043478,3.218876,attack,attack_distributed_17,attack_distributed
1.098612,1,0,0,1,1,0,0,0.043478,3.218876,attack,attack_distributed_17,attack_distributed
1.098612,1,0,0,1,1,0,0,0.043478,3.218876,attack,attack_distributed_17,attack_distributed
1.098612,1,0,0,1,1,0,0,0.043478,3.218876,attack,attack_distributed_17,attack_distributed
1.098612,1,0,0,1,1,0,0,0.043478,3.218876,attack,attack_distributed_17,attack_distributed
1.098612,1,0,0,1,1,0,0,0.043478,3.218876,attack,attack_distributed_17,attack_distributed
1.098612,1,0,0,1,1,0,0,0.043478,3.218876,attack,attack_distributed_17,attack_distributed
1.098612,1,0,0,1,1,0,0,0.043478,3.218876,attack,attack_distributed_17,attack_distributed
3.367296,1,0,0,1,1,0.799519,0,0.5,1.098612,attack,attack_low_amplitude_17,attack_low_amplitude
3.367296,1,0,0,1,1,0.630203,0,0.5,1.098612,attack,attack_low_amplitude_17,attack_low_amplitude
2.70805,1,0,0,1,1,0.582814,0,0.5,1.098612,attack,attack_low_amplitude_17,attack_low_amplitude
2.70805,1,0,0,1,1,0.472451,0,0.5,1.098612,attack,attack_low_amplitude_17,attack_low_amplitude
2.70805,1,0,0,1,1,0.410668,0,0.5,1.098612,attack,attack_low_amplitude_17,attack_low_amplitude
2.70805,1,0,0,1,1,0.5429,0,0.5,1.098612,attack,attack_low_amplitude_17,attack_low_amplitude
1.098612,1,0,1,1,0,0,0,0.052632,3.526361,outage,gateway_outage_17,gateway_outage
1.098612,1,0,1,1,0,0,0,0.052632,3.526361,outage,gateway_outage_17,gateway_outage
1.098612,1,0,1,1,0,0,0,0.052632,3.526361,outage,gateway_outage_17,gateway_outage
1.098612,1,0,1,1,0,0,0,0.052632,3.526361,outage,gateway_outage_17,gateway_outage
1.098612,1,0,1,1,0,0,0,0.052632,3.526361,outage,gateway_outage_17,gateway_outage
1.098612,0.5,0.5,1,1,0,0,0,0.052632,3.526361,outage,gateway_outage_17,gateway_outage
1.098612,0.5,0.5,1,1,0,0,0,0.052632,3.526361,outage,gateway_outage_17,gateway_outage
1.098612,0.5,0.5,1,1,0,0,0,0.052632,3.526361,outage,gateway_outage_17,gateway_outage
0.693147,1,0,1,1,0,0,0,0.052632,3.526361,outage,gateway_outage_17,gateway_outage
0.693147,1,0,1,1,0,0,0,0.052632,3.526361,outage,gateway_outage_17,gateway_outage
0.693147,1,0,1,1,0,0,0,0.052632,3.526361,outage,gateway_outage_17,gateway_outage
0.693147,1,0,1,1,0,0,0,0.052632,3.526361,outage,gateway_outage_17,gateway_outage
0.693147,1,0,1,1,0,0,0,0.052632,3.526361,outage,gateway_outage_17,gateway_outage
0.693147,1,0,1,1,0,0,0,0.052632,3.526361,outage,gateway_outage_17,gateway_outage
0.693147,1,0,1,1,0,0,0,0.052632,3.526361,outage,gateway_outage_17,gateway_outage
0.693147,1,0,1,1,0,0,0,0.052632,3.526361,outage,gateway_outage_17,gateway_outage
4.077537,0.87931,0.12069,0,0.137931,0,1.050532,0,1,0.693147,retry_storm,retry_storm_17,retry_storm
3.401197,0.931034,0.068966,0,0.137931,0,0.712643,0,1,0.693147,retry_storm,retry_storm_17,retry_storm
3.401197,0.827586,0.172414,0,0.137931,0,0.680152,0,1,0.693147,retry_storm,retry_storm_17,retry_storm
1.098612,1,0,0,1,0,0,0,0.285714,1.94591,healthy_traffic,normal_traffic_17,normal_traffic
1.098612,0.5,0.5,0,1,0,0,0,0.285714,1.94591,healthy_traffic,normal_traffic_17,normal_traffic
0.693147,1,0,0,1,0,0,0,0.285714,1.94591,healthy_traffic,normal_traffic_17,normal_traffic
0.693147,1,0,0,1,0,0,0,0.285714,1.94591,healthy_traffic,normal_traffic_17,normal_traffic
0.693147,1,0,0,1,0,0,0,0.285714,1.94591,healthy_traffic,normal_traffic_17,normal_traffic
0.693147,1,0,0,1,0,0,0,0.285714,1.94591,healthy_traffic,normal_traffic_17,normal_traffic
1.098612,0,1,0,1,0,0,0,0.285714,1.94591,healthy_traffic,normal_traffic_17,normal_traffic
1.098612,0,1,0,1,0,0,0,0.285714,1.94591,healthy_traffic,normal_traffic_17,normal_traffic
0.693147,1,0,0,1,0,0,0,0.285714,1.94591,healthy_traffic,normal_traffic_17,normal_traffic
0.693147,1,0,0,1,0,0,0,0.285714,1.94591,healthy_traffic,normal_traffic_17,normal_traffic
0.693147,1,0,0,1,0,0,0,0.285714,1.94591,healthy_traffic,normal_traffic_17,normal_traffic
0.693147,1,0,0,1,0,0,0,0.285714,1.94591,healthy_traffic,normal_traffic_17,normal_traffic
0.693147,1,0,0,1,0,0,0,0.285714,1.94591,healthy_traffic,normal_traffic_17,normal_traffic
0.693147,1,0,0,1,0,0,0,0.285714,1.94591,healthy_traffic,normal_traffic_17,normal_traffic
0.693147,1,0,0,1,0,0,0,0.285714,1.94591,healthy_traffic,normal_traffic_17,normal_traffic
0.693147,0,1,0,1,0,0,0,0.285714,1.94591,healthy_traffic,normal_traffic_17,normal_traffic
1.098612,1,0,0,1,0,0,0,0.083333,3.178054,healthy_traffic,flash_sale_17,flash_sale
1.098612,0.5,0.5,0,1,0,0,0,0.083333,3.178054,healthy_traffic,flash_sale_17,flash_sale
1.098612,0.5,0.5,0,1,0,0,0,0.083333,3.178054,healthy_traffic,flash_sale_17,flash_sale
1.098612,0.5,0.5,0,1,0,0,0,0.083333,3.178054,healthy_traffic,flash_sale_17,flash_sale
1.098612,0.5,0.5,0,1,0,0,0,0.083333,3.178054,healthy_traffic,flash_sale_17,flash_sale
1.098612,0.5,0.5,0,1,0,0,0,0.083333,3.178054,healthy_traffic,flash_sale_17,flash_sale
1.098612,0.5,0.5,0,1,0,0,0,0.083333,3.178054,healthy_traffic,flash_sale_17,flash_sale
0.693147,1,0,0,1,0,0,0,0.083333,3.178054,healthy_traffic,flash_sale_17,flash_sale
0.693147,1,0,0,1,0,0,0,0.083333,3.178054,healthy_traffic,flash_sale_17,flash_sale
0.693147,1,0,0,1,0,0,0,0.083333,3.178054,healthy_traffic,flash_sale_17,flash_sale
0.693147,1,0,0,1,0,0,0,0.083333,3.178054,healthy_traffic,flash_sale_17,flash_sale
0.693147,1,0,0,1,0,0,0,0.083333,3.178054,healthy_traffic,flash_sale_17,flash_sale
0.693147,1,0,0,1,0,0,0,0.083333,3.178054,healthy_traffic,flash_sale_17,flash_sale
0.693147,1,0,0,1,0,0,0,0.083333,3.178054,healthy_traffic,flash_sale_17,flash_sale
0.693147,1,0,0,1,0,0,0,0.083333,3.178054,healthy_traffic,flash_sale_17,flash_sale
0.693147,1,0,0,1,0,0,0,0.083333,3.178054,healthy_traffic,flash_sale_17,flash_sale
1.386294,0.333333,0.666667,0,0.666667,0,0.98701,0.5,0.5,1.098612,healthy_traffic,customer_error_17,customer_error
1.386294,0.333333,0.666667,0,0.666667,0,0.976848,0.5,0.5,1.098612,healthy_traffic,customer_error_17,customer_error
1.098612,0,1,0,1,0,0,0,0.5,1.098612,healthy_traffic,customer_error_17,customer_error
1.098612,0,1,0,1,0,0,0,0.5,1.098612,healthy_traffic,customer_error_17,customer_error
1.098612,0,1,0,1,0,0,0,0.5,1.098612,healthy_traffic,customer_error_17,customer_error
1.098612,0,1,0,1,0,0,0,0.5,1.098612,healthy_traffic,customer_error_17,customer_error
1.098612,0,1,0,1,0,0,0,0.5,1.098612,healthy_traffic,customer_error_17,customer_error
1.098612,0,1,0,1,0,0,0,0.5,1.098612,healthy_traffic,customer_error_17,customer_error
1.098612,0.5,0.5,0,0.5,0,0,1,0.5,1.098612,healthy_traffic,customer_error_17,customer_error
1.098612,0.5,0.5,0,0.5,0,0,1,0.5,1.098612,healthy_traffic,customer_error_17,customer_error
0.693147,0,1,0,1,0,0,0,0.5,1.098612,healthy_traffic,customer_error_17,customer_error
0.693147,0,1,0,1,0,0,0,0.5,1.098612,healthy_traffic,customer_error_17,customer_error
0.693147,0,1,0,1,0,0,0,0.5,1.098612,healthy_traffic,customer_error_17,customer_error
0.693147,0,1,0,1,0,0,0,0.5,1.098612,healthy_traffic,customer_error_17,customer_error
0.693147,0,1,0,1,0,0,0,0.5,1.098612,healthy_traffic,customer_error_17,customer_error
0.693147,0,1,0,1,0,0,0,0.5,1.098612,healthy_traffic,customer_error_17,customer_error
4.248495,0.985507,0.014493,0,1,1,1.142611,0,1,0.693147,attack,attack_loud_18,attack_loud
4.248495,0.985507,0.014493,0,1,1,1.142611,0,1,0.693147,attack,attack_loud_18,attack_loud
1.098612,1,0,0,1,1,0,0,0.035088,3.583519,attack,attack_distributed_18,attack_distributed
1.098612,1,0,0,1,1,0,0,0.035088,3.583519,attack,attack_distributed_18,attack_distributed
1.098612,1,0,0,1,1,0,0,0.035088,3.583519,attack,attack_distributed_18,attack_distributed
1.098612,1,0,0,1,1,0,0,0.035088,3.583519,attack,attack_distributed_18,attack_distributed
1.098612,1,0,0,1,1,0,0,0.035088,3.583519,attack,attack_distributed_18,attack_distributed
1.098612,1,0,0,1,1,0,0,0.035088,3.583519,attack,attack_distributed_18,attack_distributed
1.098612,1,0,0,1,1,0,0,0.035088,3.583519,attack,attack_distributed_18,attack_distributed
1.098612,1,0,0,1,1,0,0,0.035088,3.583519,attack,attack_distributed_18,attack_distributed
1.098612,1,0,0,1,1,0,0,0.035088,3.583519,attack,attack_distributed_18,attack_distributed
1.098612,1,0,0,1,1,0,0,0.035088,3.583519,attack,attack_distributed_18,attack_distributed
1.098612,1,0,0,1,1,0,0,0.035088,3.583519,attack,attack_distributed_18,attack_distributed
1.098612,1,0,0,1,1,0,0,0.035088,3.583519,attack,attack_distributed_18,attack_distributed
1.098612,1,0,0,1,1,0,0,0.035088,3.583519,attack,attack_distributed_18,attack_distributed
1.098612,1,0,0,1,1,0,0,0.035088,3.583519,attack,attack_distributed_18,attack_distributed
1.098612,1,0,0,1,1,0,0,0.035088,3.583519,attack,attack_distributed_18,attack_distributed
1.098612,1,0,0,1,1,0,0,0.035088,3.583519,attack,attack_distributed_18,attack_distributed
2.397895,1,0,0,1,1,0.573429,0,0.222222,1.791759,attack,attack_low_amplitude_18,attack_low_amplitude
2.302585,1,0,0,1,1,0.574557,0,0.222222,1.791759,attack,attack_low_amplitude_18,attack_low_amplitude
2.302585,1,0,0,1,1,0.547817,0,0.222222,1.791759,attack,attack_low_amplitude_18,attack_low_amplitude
2.302585,1,0,0,1,1,0.539269,0,0.222222,1.791759,attack,attack_low_amplitude_18,attack_low_amplitude
2.302585,0.888889,0.111111,0,1,1,0.531958,0,0.222222,1.791759,attack,attack_low_amplitude_18,attack_low_amplitude
2.564949,1,0,0,1,1,0.573159,0,0.222222,1.791759,attack,attack_low_amplitude_18,attack_low_amplitude
2.564949,1,0,0,1,1,0.671743,0,0.222222,1.791759,attack,attack_low_amplitude_18,attack_low_amplitude
2.484907,1,0,0,1,1,0.498574,0,0.222222,1.791759,attack,attack_low_amplitude_18,attack_low_amplitude
2.484907,0.909091,0.090909,0,1,1,0.687102,0,0.222222,1.791759,attack,attack_low_amplitude_18,attack_low_amplitude
0.693147,1,0,1,1,0,0,0,0.030303,3.526361,outage,gateway_outage_18,gateway_outage
0.693147,1,0,1,1,0,0,0,0.030303,3.526361,outage,gateway_outage_18,gateway_outage
0.693147,1,0,1,1,0,0,0,0.030303,3.526361,outage,gateway_outage_18,gateway_outage
0.693147,1,0,1,1,0,0,0,0.030303,3.526361,outage,gateway_outage_18,gateway_outage
0.693147,1,0,1,1,0,0,0,0.030303,3.526361,outage,gateway_outage_18,gateway_outage
0.693147,1,0,1,1,0,0,0,0.030303,3.526361,outage,gateway_outage_18,gateway_outage
0.693147,1,0,1,1,0,0,0,0.030303,3.526361,outage,gateway_outage_18,gateway_outage
0.693147,1,0,1,1,0,0,0,0.030303,3.526361,outage,gateway_outage_18,gateway_outage
0.693147,1,0,1,1,0,0,0,0.030303,3.526361,outage,gateway_outage_18,gateway_outage
0.693147,1,0,1,1,0,0,0,0.030303,3.526361,outage,gateway_outage_18,gateway_outage
0.693147,1,0,1,1,0,0,0,0.030303,3.526361,outage,gateway_outage_18,gateway_outage
0.693147,1,0,1,1,0,0,0,0.030303,3.526361,outage,gateway_outage_18,gateway_outage
0.693147,1,0,1,1,0,0,0,0.030303,3.526361,outage,gateway_outage_18,gateway_outage
0.693147,1,0,1,1,0,0,0,0.030303,3.526361,outage,gateway_outage_18,gateway_outage
0.693147,1,0,1,1,0,0,0,0.030303,3.526361,outage,gateway_outage_18,gateway_outage
0.693147,1,0,1,1,0,0,0,0.030303,3.526361,outage,gateway_outage_18,gateway_outage
2.833213,0.9375,0.0625,0,0.5,0,0.447444,0,0.357143,1.386294,retry_storm,retry_storm_18,retry_storm
2.890372,0.823529,0.176471,0,0.470588,0,0.565235,0,0.357143,1.386294,retry_storm,retry_storm_18,retry_storm
2.890372,0.764706,0.235294,0,0.470588,0,0.624459,0,0.357143,1.386294,retry_storm,retry_storm_18,retry_storm
3.258097,0.88,0.12,0,0.16,0,0.648461,0,0.357143,1.386294,retry_storm,retry_storm_18,retry_storm
3.258097,0.8,0.2,0,0.16,0,0.76562,0,0.357143,1.386294,retry_storm,retry_storm_18,retry_storm
0.693147,1,0,0,1,0,0,0,0.2,1.791759,healthy_traffic,normal_traffic_18,normal_traffic
0.693147,1,0,0,1,0,0,0,0.2,1.791759,healthy_traffic,normal_traffic_18,normal_traffic
0.693147,1,0,0,1,0,0,0,0.2,1.791759,healthy_traffic,normal_traffic_18,normal_traffic
0.693147,1,0,0,1,0,0,0,0.2,1.791759,healthy_traffic,normal_traffic_18,normal_traffic
0.693147,1,0,0,1,0,0,0,0.2,1.791759,healthy_traffic,normal_traffic_18,normal_traffic
0.693147,0,1,0,1,0,0,0,0.2,1.791759,healthy_traffic,normal_traffic_18,normal_traffic
0.693147,0,1,0,1,0,0,0,0.2,1.791759,healthy_traffic,normal_traffic_18,normal_traffic
0.693147,0,1,0,1,0,0,0,0.2,1.791759,healthy_traffic,normal_traffic_18,normal_traffic
0.693147,1,0,0,1,0,0,0,0.2,1.791759,healthy_traffic,normal_traffic_18,normal_traffic
0.693147,1,0,0,1,0,0,0,0.2,1.791759,healthy_traffic,normal_traffic_18,normal_traffic
0.693147,1,0,0,1,0,0,0,0.2,1.791759,healthy_traffic,normal_traffic_18,normal_traffic
0.693147,1,0,0,1,0,0,0,0.2,1.791759,healthy_traffic,normal_traffic_18,normal_traffic
0.693147,1,0,0,1,0,0,0,0.2,1.791759,healthy_traffic,normal_traffic_18,normal_traffic
0.693147,0,1,0,1,0,0,0,0.2,1.791759,healthy_traffic,normal_traffic_18,normal_traffic
0.693147,0,1,0,1,0,0,0,0.2,1.791759,healthy_traffic,normal_traffic_18,normal_traffic
0.693147,0,1,0,1,0,0,0,0.2,1.791759,healthy_traffic,normal_traffic_18,normal_traffic
0.693147,1,0,0,1,0,0,0,0.071429,2.70805,healthy_traffic,flash_sale_18,flash_sale
0.693147,1,0,0,1,0,0,0,0.071429,2.70805,healthy_traffic,flash_sale_18,flash_sale
0.693147,1,0,0,1,0,0,0,0.071429,2.70805,healthy_traffic,flash_sale_18,flash_sale
0.693147,1,0,0,1,0,0,0,0.071429,2.70805,healthy_traffic,flash_sale_18,flash_sale
0.693147,1,0,0,1,0,0,0,0.071429,2.70805,healthy_traffic,flash_sale_18,flash_sale
0.693147,1,0,0,1,0,0,0,0.071429,2.70805,healthy_traffic,flash_sale_18,flash_sale
0.693147,1,0,0,1,0,0,0,0.071429,2.70805,healthy_traffic,flash_sale_18,flash_sale
0.693147,1,0,0,1,0,0,0,0.071429,2.70805,healthy_traffic,flash_sale_18,flash_sale
0.693147,1,0,0,1,0,0,0,0.071429,2.70805,healthy_traffic,flash_sale_18,flash_sale
0.693147,1,0,0,1,0,0,0,0.071429,2.70805,healthy_traffic,flash_sale_18,flash_sale
0.693147,1,0,0,1,0,0,0,0.071429,2.70805,healthy_traffic,flash_sale_18,flash_sale
0.693147,1,0,0,1,0,0,0,0.071429,2.70805,healthy_traffic,flash_sale_18,flash_sale
0.693147,1,0,0,1,0,0,0,0.071429,2.70805,healthy_traffic,flash_sale_18,flash_sale
0.693147,1,0,0,1,0,0,0,0.071429,2.70805,healthy_traffic,flash_sale_18,flash_sale
0.693147,1,0,0,1,0,0,0,0.071429,2.70805,healthy_traffic,flash_sale_18,flash_sale
0.693147,1,0,0,1,0,0,0,0.071429,2.70805,healthy_traffic,flash_sale_18,flash_sale
1.609438,0.75,0.25,0,0.25,0,0.329959,1,0.5,1.609438,healthy_traffic,customer_error_18,customer_error
1.098612,0.5,0.5,0,0.5,0,0,1,0.5,1.609438,healthy_traffic,customer_error_18,customer_error
1.098612,0.5,0.5,0,0.5,0,0,1,0.5,1.609438,healthy_traffic,customer_error_18,customer_error
1.098612,0.5,0.5,0,0.5,0,0,1,0.5,1.609438,healthy_traffic,customer_error_18,customer_error
0.693147,0,1,0,1,0,0,0,0.5,1.609438,healthy_traffic,customer_error_18,customer_error
0.693147,0,1,0,1,0,0,0,0.5,1.609438,healthy_traffic,customer_error_18,customer_error
0.693147,0,1,0,1,0,0,0,0.5,1.609438,healthy_traffic,customer_error_18,customer_error
0.693147,0,1,0,1,0,0,0,0.5,1.609438,healthy_traffic,customer_error_18,customer_error
1.609438,0.75,0.25,0,0.25,0,0.329959,1,0.5,1.609438,healthy_traffic,customer_error_18,customer_error
1.098612,0.5,0.5,0,0.5,0,0,1,0.5,1.609438,healthy_traffic,customer_error_18,customer_error
1.098612,0.5,0.5,0,0.5,0,0,1,0.5,1.609438,healthy_traffic,customer_error_18,customer_error
1.098612,0.5,0.5,0,0.5,0,0,1,0.5,1.609438,healthy_traffic,customer_error_18,customer_error
0.693147,0,1,0,1,0,0,0,0.5,1.609438,healthy_traffic,customer_error_18,customer_error
0.693147,0,1,0,1,0,0,0,0.5,1.609438,healthy_traffic,customer_error_18,customer_error
0.693147,0,1,0,1,0,0,0,0.5,1.609438,healthy_traffic,customer_error_18,customer_error
0.693147,0,1,0,1,0,0,0,0.5,1.609438,healthy_traffic,customer_error_18,customer_error
4.304065,0.986301,0.013699,0,1,1,0.882817,0,1,0.693147,attack,attack_loud_19,attack_loud
4.304065,0.986301,0.013699,0,1,1,0.882817,0,1,0.693147,attack,attack_loud_19,attack_loud
1.386294,1,0,0,1,1,0.094688,0,0.048387,3.295837,attack,attack_distributed_19,attack_distributed
1.386294,1,0,0,1,1,0.122336,0,0.048387,3.295837,attack,attack_distributed_19,attack_distributed
1.386294,1,0,0,1,1,0.159744,0,0.048387,3.295837,attack,attack_distributed_19,attack_distributed
1.386294,1,0,0,1,1,0.226115,0,0.048387,3.295837,attack,attack_distributed_19,attack_distributed
1.386294,1,0,0,1,1,0.207395,0,0.048387,3.295837,attack,attack_distributed_19,attack_distributed
1.386294,1,0,0,1,1,0.105991,0,0.048387,3.295837,attack,attack_distributed_19,attack_distributed
1.386294,1,0,0,1,1,0.06104,0,0.048387,3.295837,attack,attack_distributed_19,attack_distributed
1.386294,1,0,0,1,1,0.109306,0,0.048387,3.295837,attack,attack_distributed_19,attack_distributed
1.386294,1,0,0,1,1,0.213752,0,0.048387,3.295837,attack,attack_distributed_19,attack_distributed
1.386294,1,0,0,1,1,0.171658,0,0.048387,3.295837,attack,attack_distributed_19,attack_distributed
1.386294,1,0,0,1,1,0.096821,0,0.048387,3.295837,attack,attack_distributed_19,attack_distributed
1.386294,1,0,0,1,1,0.062632,0,0.048387,3.295837,attack,attack_distributed_19,attack_distributed
1.386294,1,0,0,1,1,0.077253,0,0.048387,3.295837,attack,attack_distributed_19,attack_distributed
1.386294,1,0,0,1,1,0.101266,0,0.048387,3.295837,attack,attack_distributed_19,attack_distributed
1.098612,1,0,0,1,1,0,0,0.048387,3.295837,attack,attack_distributed_19,attack_distributed
1.098612,1,0,0,1,1,0,0,0.048387,3.295837,attack,attack_distributed_19,attack_distributed
2.833213,1,0,0,1,1,0.618451,0,0.355556,1.386294,attack,attack_low_amplitude_19,attack_low_amplitude
2.833213,0.9375,0.0625,0,1,1,0.497885,0,0.355556,1.386294,attack,attack_low_amplitude_19,attack_low_amplitude
2.833213,0.875,0.125,0,1,1,0.594023,0,0.355556,1.386294,attack,attack_low_amplitude_19,attack_low_amplitude
2.833213,1,0,0,1,1,0.618451,0,0.355556,1.386294,attack,attack_low_amplitude_19,attack_low_amplitude
2.833213,0.9375,0.0625,0,1,1,0.497885,0,0.355556,1.386294,attack,attack_low_amplitude_19,attack_low_amplitude
2.833213,0.875,0.125,0,1,1,0.594023,0,0.355556,1.386294,attack,attack_low_amplitude_19,attack_low_amplitude
1.098612,0.5,0.5,1,1,0,0,0,0.025,3.713572,outage,gateway_outage_19,gateway_outage
1.098612,0.5,0.5,1,1,0,0,0,0.025,3.713572,outage,gateway_outage_19,gateway_outage
1.098612,0.5,0.5,1,1,0,0,0,0.025,3.713572,outage,gateway_outage_19,gateway_outage
0.693147,1,0,1,1,0,0,0,0.025,3.713572,outage,gateway_outage_19,gateway_outage
0.693147,1,0,1,1,0,0,0,0.025,3.713572,outage,gateway_outage_19,gateway_outage
0.693147,1,0,1,1,0,0,0,0.025,3.713572,outage,gateway_outage_19,gateway_outage
0.693147,1,0,1,1,0,0,0,0.025,3.713572,outage,gateway_outage_19,gateway_outage
0.693147,1,0,1,1,0,0,0,0.025,3.713572,outage,gateway_outage_19,gateway_outage
1.098612,0.5,0.5,1,1,0,0,0,0.025,3.713572,outage,gateway_outage_19,gateway_outage
0.693147,1,0,1,1,0,0,0,0.025,3.713572,outage,gateway_outage_19,gateway_outage
0.693147,1,0,1,1,0,0,0,0.025,3.713572,outage,gateway_outage_19,gateway_outage
0.693147,1,0,1,1,0,0,0,0.025,3.713572,outage,gateway_outage_19,gateway_outage
0.693147,1,0,1,1,0,0,0,0.025,3.713572,outage,gateway_outage_19,gateway_outage
0.693147,1,0,1,1,0,0,0,0.025,3.713572,outage,gateway_outage_19,gateway_outage
0.693147,1,0,1,1,0,0,0,0.025,3.713572,outage,gateway_outage_19,gateway_outage
0.693147,1,0,1,1,0,0,0,0.025,3.713572,outage,gateway_outage_19,gateway_outage
3.951244,0.823529,0.176471,0,0.156863,0,1.141677,0,1,0.693147,retry_storm,retry_storm_19,retry_storm
3.951244,0.823529,0.176471,0,0.156863,0,1.141677,0,1,0.693147,retry_storm,retry_storm_19,retry_storm
0.693147,1,0,0,1,0,0,0,0.25,1.609438,healthy_traffic,normal_traffic_19,normal_traffic
0.693147,1,0,0,1,0,0,0,0.25,1.609438,healthy_traffic,normal_traffic_19,normal_traffic
0.693147,1,0,0,1,0,0,0,0.25,1.609438,healthy_traffic,normal_traffic_19,normal_traffic
0.693147,1,0,0,1,0,0,0,0.25,1.609438,healthy_traffic,normal_traffic_19,normal_traffic
1.098612,0,1,0,1,0,0,0,0.25,1.609438,healthy_traffic,normal_traffic_19,normal_traffic
1.098612,0,1,0,1,0,0,0,0.25,1.609438,healthy_traffic,normal_traffic_19,normal_traffic
1.098612,0,1,0,1,0,0,0,0.25,1.609438,healthy_traffic,normal_traffic_19,normal_traffic
0.693147,0,1,0,1,0,0,0,0.25,1.609438,healthy_traffic,normal_traffic_19,normal_traffic
0.693147,1,0,0,1,0,0,0,0.25,1.609438,healthy_traffic,normal_traffic_19,normal_traffic
0.693147,1,0,0,1,0,0,0,0.25,1.609438,healthy_traffic,normal_traffic_19,normal_traffic
0.693147,1,0,0,1,0,0,0,0.25,1.609438,healthy_traffic,normal_traffic_19,normal_traffic
0.693147,1,0,0,1,0,0,0,0.25,1.609438,healthy_traffic,normal_traffic_19,normal_traffic
1.098612,0,1,0,1,0,0,0,0.25,1.609438,healthy_traffic,normal_traffic_19,normal_traffic
1.098612,0,1,0,1,0,0,0,0.25,1.609438,healthy_traffic,normal_traffic_19,normal_traffic
1.098612,0,1,0,1,0,0,0,0.25,1.609438,healthy_traffic,normal_traffic_19,normal_traffic
0.693147,0,1,0,1,0,0,0,0.25,1.609438,healthy_traffic,normal_traffic_19,normal_traffic
0.693147,1,0,0,1,0,0,0,0.055556,2.944439,healthy_traffic,flash_sale_19,flash_sale
0.693147,1,0,0,1,0,0,0,0.055556,2.944439,healthy_traffic,flash_sale_19,flash_sale
0.693147,1,0,0,1,0,0,0,0.055556,2.944439,healthy_traffic,flash_sale_19,flash_sale
0.693147,1,0,0,1,0,0,0,0.055556,2.944439,healthy_traffic,flash_sale_19,flash_sale
0.693147,1,0,0,1,0,0,0,0.055556,2.944439,healthy_traffic,flash_sale_19,flash_sale
0.693147,1,0,0,1,0,0,0,0.055556,2.944439,healthy_traffic,flash_sale_19,flash_sale
0.693147,1,0,0,1,0,0,0,0.055556,2.944439,healthy_traffic,flash_sale_19,flash_sale
0.693147,1,0,0,1,0,0,0,0.055556,2.944439,healthy_traffic,flash_sale_19,flash_sale
0.693147,1,0,0,1,0,0,0,0.055556,2.944439,healthy_traffic,flash_sale_19,flash_sale
0.693147,1,0,0,1,0,0,0,0.055556,2.944439,healthy_traffic,flash_sale_19,flash_sale
0.693147,1,0,0,1,0,0,0,0.055556,2.944439,healthy_traffic,flash_sale_19,flash_sale
0.693147,1,0,0,1,0,0,0,0.055556,2.944439,healthy_traffic,flash_sale_19,flash_sale
0.693147,1,0,0,1,0,0,0,0.055556,2.944439,healthy_traffic,flash_sale_19,flash_sale
0.693147,1,0,0,1,0,0,0,0.055556,2.944439,healthy_traffic,flash_sale_19,flash_sale
0.693147,1,0,0,1,0,0,0,0.055556,2.944439,healthy_traffic,flash_sale_19,flash_sale
0.693147,1,0,0,1,0,0,0,0.055556,2.944439,healthy_traffic,flash_sale_19,flash_sale
1.609438,0.75,0.25,0,0.25,0,0.611552,1,0.2,2.302585,healthy_traffic,customer_error_19,customer_error
1.609438,0.75,0.25,0,0.25,0,0.278832,1,0.2,2.302585,healthy_traffic,customer_error_19,customer_error
1.609438,0.5,0.5,0,0.5,0,1.37383,0.5,0.2,2.302585,healthy_traffic,customer_error_19,customer_error
1.386294,0.666667,0.333333,0,0.333333,0,0.315068,1,0.2,2.302585,healthy_traffic,customer_error_19,customer_error
1.098612,0.5,0.5,0,0.5,0,0,1,0.2,2.302585,healthy_traffic,customer_error_19,customer_error
1.098612,0.5,0.5,0,0.5,0,0,1,0.2,2.302585,healthy_traffic,customer_error_19,customer_error
1.098612,0.5,0.5,0,0.5,0,0,1,0.2,2.302585,healthy_traffic,customer_error_19,customer_error
1.098612,0.5,0.5,0,0.5,0,0,1,0.2,2.302585,healthy_traffic,customer_error_19,customer_error
1.609438,0.75,0.25,0,0.25,0,0.611552,1,0.2,2.302585,healthy_traffic,customer_error_19,customer_error
1.609438,0.75,0.25,0,0.25,0,0.278832,1,0.2,2.302585,healthy_traffic,customer_error_19,customer_error
1.609438,0.5,0.5,0,0.5,0,1.37383,0.5,0.2,2.302585,healthy_traffic,customer_error_19,customer_error
1.386294,0.666667,0.333333,0,0.333333,0,0.315068,1,0.2,2.302585,healthy_traffic,customer_error_19,customer_error
1.098612,0.5,0.5,0,0.5,0,0,1,0.2,2.302585,healthy_traffic,customer_error_19,customer_error
1.098612,0.5,0.5,0,0.5,0,0,1,0.2,2.302585,healthy_traffic,customer_error_19,customer_error
1.098612,0.5,0.5,0,0.5,0,0,1,0.2,2.302585,healthy_traffic,customer_error_19,customer_error
1.098612,0.5,0.5,0,0.5,0,0,1,0.2,2.302585,healthy_traffic,customer_error_19,customer_error
4.356709,0.935065,0.064935,0,1,1,1.147347,0,1,0.693147,attack,attack_loud_20,attack_loud
4.356709,0.935065,0.064935,0,1,1,1.147347,0,1,0.693147,attack,attack_loud_20,attack_loud
1.386294,1,0,0,1,1,0.089231,0,0.048387,3.367296,attack,attack_distributed_20,attack_distributed
1.386294,1,0,0,1,1,0.117647,0,0.048387,3.367296,attack,attack_distributed_20,attack_distributed
1.386294,1,0,0,1,1,0.112051,0,0.048387,3.367296,attack,attack_distributed_20,attack_distributed
1.386294,1,0,0,1,1,0.138264,0,0.048387,3.367296,attack,attack_distributed_20,attack_distributed
1.386294,1,0,0,1,1,0.177803,0,0.048387,3.367296,attack,attack_distributed_20,attack_distributed
1.386294,1,0,0,1,1,0.180863,0,0.048387,3.367296,attack,attack_distributed_20,attack_distributed
1.386294,1,0,0,1,1,0.122924,0,0.048387,3.367296,attack,attack_distributed_20,attack_distributed
1.386294,1,0,0,1,1,0.126235,0,0.048387,3.367296,attack,attack_distributed_20,attack_distributed
1.386294,1,0,0,1,1,0.1639,0,0.048387,3.367296,attack,attack_distributed_20,attack_distributed
1.386294,1,0,0,1,1,0.157785,0,0.048387,3.367296,attack,attack_distributed_20,attack_distributed
1.386294,1,0,0,1,1,0.171459,0,0.048387,3.367296,attack,attack_distributed_20,attack_distributed
1.386294,1,0,0,1,1,0.157042,0,0.048387,3.367296,attack,attack_distributed_20,attack_distributed
1.386294,0.666667,0.333333,0,1,1,0.179343,0,0.048387,3.367296,attack,attack_distributed_20,attack_distributed
1.098612,1,0,0,1,1,0,0,0.048387,3.367296,attack,attack_distributed_20,attack_distributed
1.098612,1,0,0,1,1,0,0,0.048387,3.367296,attack,attack_distributed_20,attack_distributed
1.098612,1,0,0,1,1,0,0,0.048387,3.367296,attack,attack_distributed_20,attack_distributed
2.890372,1,0,0,1,1,0.675282,0,0.354167,1.386294,attack,attack_low_amplitude_20,attack_low_amplitude
2.890372,0.941176,0.058824,0,1,1,0.522901,0,0.354167,1.386294,attack,attack_low_amplitude_20,attack_low_amplitude
2.890372,0.882353,0.117647,0,1,1,0.558941,0,0.354167,1.386294,attack,attack_low_amplitude_20,attack_low_amplitude
2.890372,1,0,0,1,1,0.675282,0,0.354167,1.386294,attack,attack_low_amplitude_20,attack_low_amplitude
2.890372,0.941176,0.058824,0,1,1,0.522901,0,0.354167,1.386294,attack,attack_low_amplitude_20,attack_low_amplitude
2.890372,0.882353,0.117647,0,1,1,0.558941,0,0.354167,1.386294,attack,attack_low_amplitude_20,attack_low_amplitude
1.098612,1,0,1,1,0,0,0,0.045455,3.78419,outage,gateway_outage_20,gateway_outage
0.693147,1,0,1,1,0,0,0,0.045455,3.78419,outage,gateway_outage_20,gateway_outage
0.693147,1,0,1,1,0,0,0,0.045455,3.78419,outage,gateway_outage_20,gateway_outage
0.693147,1,0,1,1,0,0,0,0.045455,3.78419,outage,gateway_outage_20,gateway_outage
0.693147,1,0,1,1,0,0,0,0.045455,3.78419,outage,gateway_outage_20,gateway_outage
0.693147,1,0,1,1,0,0,0,0.045455,3.78419,outage,gateway_outage_20,gateway_outage
0.693147,1,0,1,1,0,0,0,0.045455,3.78419,outage,gateway_outage_20,gateway_outage
0.693147,1,0,1,1,0,0,0,0.045455,3.78419,outage,gateway_outage_20,gateway_outage
1.098612,0.5,0.5,1,1,0,0,0,0.045455,3.78419,outage,gateway_outage_20,gateway_outage
1.098612,0.5,0.5,1,1,0,0,0,0.045455,3.78419,outage,gateway_outage_20,gateway_outage
1.098612,0.5,0.5,1,1,0,0,0,0.045455,3.78419,outage,gateway_outage_20,gateway_outage
0.693147,1,0,1,1,0,0,0,0.045455,3.78419,outage,gateway_outage_20,gateway_outage
0.693147,1,0,1,1,0,0,0,0.045455,3.78419,outage,gateway_outage_20,gateway_outage
0.693147,1,0,1,1,0,0,0,0.045455,3.78419,outage,gateway_outage_20,gateway_outage
0.693147,1,0,1,1,0,0,0,0.045455,3.78419,outage,gateway_outage_20,gateway_outage
0.693147,1,0,1,1,0,0,0,0.045455,3.78419,outage,gateway_outage_20,gateway_outage
3.332205,0.925926,0.074074,0,0.148148,0,0.801416,0,0.5,1.098612,retry_storm,retry_storm_20,retry_storm
3.295837,0.961538,0.038462,0,0.153846,0,0.689729,0,0.5,1.098612,retry_storm,retry_storm_20,retry_storm
3.988984,0.943396,0.056604,0,0.150943,0,1.083253,0,0.5,1.098612,retry_storm,retry_storm_20,retry_storm
0.693147,1,0,0,1,0,0,0,0.166667,1.94591,healthy_traffic,normal_traffic_20,normal_traffic
0.693147,1,0,0,1,0,0,0,0.166667,1.94591,healthy_traffic,normal_traffic_20,normal_traffic
0.693147,1,0,0,1,0,0,0,0.166667,1.94591,healthy_traffic,normal_traffic_20,normal_traffic
0.693147,1,0,0,1,0,0,0,0.166667,1.94591,healthy_traffic,normal_traffic_20,normal_traffic
0.693147,1,0,0,1,0,0,0,0.166667,1.94591,healthy_traffic,normal_traffic_20,normal_traffic
0.693147,1,0,0,1,0,0,0,0.166667,1.94591,healthy_traffic,normal_traffic_20,normal_traffic
1.098612,0,1,0,1,0,0,0,0.166667,1.94591,healthy_traffic,normal_traffic_20,normal_traffic
1.098612,0,1,0,1,0,0,0,0.166667,1.94591,healthy_traffic,normal_traffic_20,normal_traffic
1.098612,0.5,0.5,0,1,0,0,0,0.166667,1.94591,healthy_traffic,normal_traffic_20,normal_traffic
0.693147,1,0,0,1,0,0,0,0.166667,1.94591,healthy_traffic,normal_traffic_20,normal_traffic
0.693147,1,0,0,1,0,0,0,0.166667,1.94591,healthy_traffic,normal_traffic_20,normal_traffic
0.693147,1,0,0,1,0,0,0,0.166667,1.94591,healthy_traffic,normal_traffic_20,normal_traffic
0.693147,1,0,0,1,0,0,0,0.166667,1.94591,healthy_traffic,normal_traffic_20,normal_traffic
0.693147,1,0,0,1,0,0,0,0.166667,1.94591,healthy_traffic,normal_traffic_20,normal_traffic
1.098612,0,1,0,1,0,0,0,0.166667,1.94591,healthy_traffic,normal_traffic_20,normal_traffic
1.098612,0,1,0,1,0,0,0,0.166667,1.94591,healthy_traffic,normal_traffic_20,normal_traffic
1.098612,0.5,0.5,0,1,0,0,0,0.05,3.044522,healthy_traffic,flash_sale_20,flash_sale
1.098612,0.5,0.5,0,1,0,0,0,0.05,3.044522,healthy_traffic,flash_sale_20,flash_sale
1.098612,0.5,0.5,0,1,0,0,0,0.05,3.044522,healthy_traffic,flash_sale_20,flash_sale
0.693147,1,0,0,1,0,0,0,0.05,3.044522,healthy_traffic,flash_sale_20,flash_sale
0.693147,1,0,0,1,0,0,0,0.05,3.044522,healthy_traffic,flash_sale_20,flash_sale
0.693147,1,0,0,1,0,0,0,0.05,3.044522,healthy_traffic,flash_sale_20,flash_sale
0.693147,1,0,0,1,0,0,0,0.05,3.044522,healthy_traffic,flash_sale_20,flash_sale
0.693147,1,0,0,1,0,0,0,0.05,3.044522,healthy_traffic,flash_sale_20,flash_sale
1.098612,1,0,0,1,0,0,0,0.05,3.044522,healthy_traffic,flash_sale_20,flash_sale
1.098612,0.5,0.5,0,1,0,0,0,0.05,3.044522,healthy_traffic,flash_sale_20,flash_sale
0.693147,1,0,0,1,0,0,0,0.05,3.044522,healthy_traffic,flash_sale_20,flash_sale
0.693147,1,0,0,1,0,0,0,0.05,3.044522,healthy_traffic,flash_sale_20,flash_sale
0.693147,1,0,0,1,0,0,0,0.05,3.044522,healthy_traffic,flash_sale_20,flash_sale
0.693147,1,0,0,1,0,0,0,0.05,3.044522,healthy_traffic,flash_sale_20,flash_sale
0.693147,1,0,0,1,0,0,0,0.05,3.044522,healthy_traffic,flash_sale_20,flash_sale
0.693147,1,0,0,1,0,0,0,0.05,3.044522,healthy_traffic,flash_sale_20,flash_sale
1.386294,0.666667,0.333333,0,0.333333,0,0.487179,1,0.4,1.609438,healthy_traffic,customer_error_20,customer_error
1.098612,0.5,0.5,0,0.5,0,0,1,0.4,1.609438,healthy_traffic,customer_error_20,customer_error
1.098612,0.5,0.5,0,0.5,0,0,1,0.4,1.609438,healthy_traffic,customer_error_20,customer_error
1.098612,0.5,0.5,0,0.5,0,0,1,0.4,1.609438,healthy_traffic,customer_error_20,customer_error
1.098612,0,1,0,1,0,0,0,0.4,1.609438,healthy_traffic,customer_error_20,customer_error
1.098612,0,1,0,1,0,0,0,0.4,1.609438,healthy_traffic,customer_error_20,customer_error
0.693147,0,1,0,1,0,0,0,0.4,1.609438,healthy_traffic,customer_error_20,customer_error
0.693147,0,1,0,1,0,0,0,0.4,1.609438,healthy_traffic,customer_error_20,customer_error
1.386294,0.666667,0.333333,0,0.333333,0,0.487179,1,0.4,1.609438,healthy_traffic,customer_error_20,customer_error
1.386294,0.333333,0.666667,0,0.666667,0,0.978994,0.5,0.4,1.609438,healthy_traffic,customer_error_20,customer_error
1.098612,0.5,0.5,0,0.5,0,0,1,0.4,1.609438,healthy_traffic,customer_error_20,customer_error
1.098612,0.5,0.5,0,0.5,0,0,1,0.4,1.609438,healthy_traffic,customer_error_20,customer_error
1.098612,0,1,0,1,0,0,0,0.4,1.609438,healthy_traffic,customer_error_20,customer_error
1.098612,0,1,0,1,0,0,0,0.4,1.609438,healthy_traffic,customer_error_20,customer_error
0.693147,0,1,0,1,0,0,0,0.4,1.609438,healthy_traffic,customer_error_20,customer_error
0.693147,0,1,0,1,0,0,0,0.4,1.609438,healthy_traffic,customer_error_20,customer_error
4.174387,1,0,0,1,1,1.000164,0,1,0.693147,attack,attack_loud_21,attack_loud
4.174387,1,0,0,1,1,1.000164,0,1,0.693147,attack,attack_loud_21,attack_loud
1.386294,1,0,0,1,1,0.052181,0,0.056604,3.218876,attack,attack_distributed_21,attack_distributed
1.386294,1,0,0,1,1,0.02716,0,0.056604,3.218876,attack,attack_distributed_21,attack_distributed
1.386294,1,0,0,1,1,0.01157,0,0.056604,3.218876,attack,attack_distributed_21,attack_distributed
1.386294,1,0,0,1,1,0.057756,0,0.056604,3.218876,attack,attack_distributed_21,attack_distributed
1.386294,1,0,0,1,1,0.021311,0,0.056604,3.218876,attack,attack_distributed_21,attack_distributed
1.386294,1,0,0,1,1,0.059022,0,0.056604,3.218876,attack,attack_distributed_21,attack_distributed
1.386294,0.666667,0.333333,0,1,1,0.060656,0,0.056604,3.218876,attack,attack_distributed_21,attack_distributed
1.098612,1,0,0,1,1,0,0,0.056604,3.218876,attack,attack_distributed_21,attack_distributed
1.386294,1,0,0,1,1,0.05513,0,0.056604,3.218876,attack,attack_distributed_21,attack_distributed
1.098612,1,0,0,1,1,0,0,0.056604,3.218876,attack,attack_distributed_21,attack_distributed
1.098612,1,0,0,1,1,0,0,0.056604,3.218876,attack,attack_distributed_21,attack_distributed
1.098612,1,0,0,1,1,0,0,0.056604,3.218876,attack,attack_distributed_21,attack_distributed
1.098612,1,0,0,1,1,0,0,0.056604,3.218876,attack,attack_distributed_21,attack_distributed
1.098612,1,0,0,1,1,0,0,0.056604,3.218876,attack,attack_distributed_21,attack_distributed
1.098612,1,0,0,1,1,0,0,0.056604,3.218876,attack,attack_distributed_21,attack_distributed
1.098612,1,0,0,1,1,0,0,0.056604,3.218876,attack,attack_distributed_21,attack_distributed
3.135494,0.954545,0.045455,0,1,1,0.784946,0,0.512195,1.098612,attack,attack_low_amplitude_21,attack_low_amplitude
3.091042,0.952381,0.047619,0,1,1,0.721688,0,0.512195,1.098612,attack,attack_low_amplitude_21,attack_low_amplitude
2.772589,0.933333,0.066667,0,1,1,0.628918,0,0.512195,1.098612,attack,attack_low_amplitude_21,attack_low_amplitude
2.70805,1,0,0,1,1,0.590223,0,0.512195,1.098612,attack,attack_low_amplitude_21,attack_low_amplitude
2.70805,0.928571,0.071429,0,1,1,0.501242,0,0.512195,1.098612,attack,attack_low_amplitude_21,attack_low_amplitude
1.098612,1,0,1,1,0,0,0,0.055556,3.583519,outage,gateway_outage_21,gateway_outage
0.693147,1,0,1,1,0,0,0,0.055556,3.583519,outage,gateway_outage_21,gateway_outage
0.693147,1,0,1,1,0,0,0,0.055556,3.583519,outage,gateway_outage_21,gateway_outage
0.693147,1,0,1,1,0,0,0,0.055556,3.583519,outage,gateway_outage_21,gateway_outage
0.693147,1,0,1,1,0,0,0,0.055556,3.583519,outage,gateway_outage_21,gateway_outage
0.693147,1,0,1,1,0,0,0,0.055556,3.583519,outage,gateway_outage_21,gateway_outage
0.693147,1,0,1,1,0,0,0,0.055556,3.583519,outage,gateway_outage_21,gateway_outage
0.693147,1,0,1,1,0,0,0,0.055556,3.583519,outage,gateway_outage_21,gateway_outage
0.693147,1,0,1,1,0,0,0,0.055556,3.583519,outage,gateway_outage_21,gateway_outage
0.693147,1,0,1,1,0,0,0,0.055556,3.583519,outage,gateway_outage_21,gateway_outage
0.693147,1,0,1,1,0,0,0,0.055556,3.583519,outage,gateway_outage_21,gateway_outage
0.693147,1,0,1,1,0,0,0,0.055556,3.583519,outage,gateway_outage_21,gateway_outage
0.693147,1,0,1,1,0,0,0,0.055556,3.583519,outage,gateway_outage_21,gateway_outage
0.693147,1,0,1,1,0,0,0,0.055556,3.583519,outage,gateway_outage_21,gateway_outage
0.693147,1,0,1,1,0,0,0,0.055556,3.583519,outage,gateway_outage_21,gateway_outage
0.693147,1,0,1,1,0,0,0,0.055556,3.583519,outage,gateway_outage_21,gateway_outage
3.871201,0.893617,0.106383,0,0.170213,0,0.937612,0,1,0.693147,retry_storm,retry_storm_21,retry_storm
3.871201,0.893617,0.106383,0,0.170213,0,0.937612,0,1,0.693147,retry_storm,retry_storm_21,retry_storm
0.693147,1,0,0,1,0,0,0,0.333333,1.386294,healthy_traffic,normal_traffic_21,normal_traffic
0.693147,1,0,0,1,0,0,0,0.333333,1.386294,healthy_traffic,normal_traffic_21,normal_traffic
0.693147,1,0,0,1,0,0,0,0.333333,1.386294,healthy_traffic,normal_traffic_21,normal_traffic
1.098612,0,1,0,1,0,0,0,0.333333,1.386294,healthy_traffic,normal_traffic_21,normal_traffic
0.693147,0,1,0,1,0,0,0,0.333333,1.386294,healthy_traffic,normal_traffic_21,normal_traffic
0.693147,0,1,0,1,0,0,0,0.333333,1.386294,healthy_traffic,normal_traffic_21,normal_traffic
0.693147,0,1,0,1,0,0,0,0.333333,1.386294,healthy_traffic,normal_traffic_21,normal_traffic
0.693147,0,1,0,1,0,0,0,0.333333,1.386294,healthy_traffic,normal_traffic_21,normal_traffic
0.693147,1,0,0,1,0,0,0,0.333333,1.386294,healthy_traffic,normal_traffic_21,normal_traffic
0.693147,1,0,0,1,0,0,0,0.333333,1.386294,healthy_traffic,normal_traffic_21,normal_traffic
0.693147,1,0,0,1,0,0,0,0.333333,1.386294,healthy_traffic,normal_traffic_21,normal_traffic
1.098612,0,1,0,1,0,0,0,0.333333,1.386294,healthy_traffic,normal_traffic_21,normal_traffic
0.693147,0,1,0,1,0,0,0,0.333333,1.386294,healthy_traffic,normal_traffic_21,normal_traffic
0.693147,0,1,0,1,0,0,0,0.333333,1.386294,healthy_traffic,normal_traffic_21,normal_traffic
0.693147,0,1,0,1,0,0,0,0.333333,1.386294,healthy_traffic,normal_traffic_21,normal_traffic
0.693147,0,1,0,1,0,0,0,0.333333,1.386294,healthy_traffic,normal_traffic_21,normal_traffic
0.693147,1,0,0,1,0,0,0,0.043478,3.178054,healthy_traffic,flash_sale_21,flash_sale
0.693147,1,0,0,1,0,0,0,0.043478,3.178054,healthy_traffic,flash_sale_21,flash_sale
0.693147,1,0,0,1,0,0,0,0.043478,3.178054,healthy_traffic,flash_sale_21,flash_sale
0.693147,1,0,0,1,0,0,0,0.043478,3.178054,healthy_traffic,flash_sale_21,flash_sale
0.693147,1,0,0,1,0,0,0,0.043478,3.178054,healthy_traffic,flash_sale_21,flash_sale
0.693147,1,0,0,1,0,0,0,0.043478,3.178054,healthy_traffic,flash_sale_21,flash_sale
0.693147,1,0,0,1,0,0,0,0.043478,3.178054,healthy_traffic,flash_sale_21,flash_sale
0.693147,1,0,0,1,0,0,0,0.043478,3.178054,healthy_traffic,flash_sale_21,flash_sale
0.693147,1,0,0,1,0,0,0,0.043478,3.178054,healthy_traffic,flash_sale_21,flash_sale
0.693147,1,0,0,1,0,0,0,0.043478,3.178054,healthy_traffic,flash_sale_21,flash_sale
0.693147,1,0,0,1,0,0,0,0.043478,3.178054,healthy_traffic,flash_sale_21,flash_sale
0.693147,1,0,0,1,0,0,0,0.043478,3.178054,healthy_traffic,flash_sale_21,flash_sale
0.693147,1,0,0,1,0,0,0,0.043478,3.178054,healthy_traffic,flash_sale_21,flash_sale
0.693147,1,0,0,1,0,0,0,0.043478,3.178054,healthy_traffic,flash_sale_21,flash_sale
0.693147,1,0,0,1,0,0,0,0.043478,3.178054,healthy_traffic,flash_sale_21,flash_sale
0.693147,1,0,0,1,0,0,0,0.043478,3.178054,healthy_traffic,flash_sale_21,flash_sale
1.791759,0.6,0.4,0,0.4,0,1.695011,0.5,0.214286,1.94591,healthy_traffic,customer_error_21,customer_error
1.609438,0.75,0.25,0,0.25,0,0.444921,1,0.214286,1.94591,healthy_traffic,customer_error_21,customer_error
1.609438,0.75,0.25,0,0.25,0,0.742743,1,0.214286,1.94591,healthy_traffic,customer_error_21,customer_error
1.386294,0.666667,0.333333,0,0.333333,0,0.396226,1,0.214286,1.94591,healthy_traffic,customer_error_21,customer_error
1.386294,0.666667,0.333333,0,0.333333,0,0.8125,1,0.214286,1.94591,healthy_traffic,customer_error_21,customer_error
1.098612,0.5,0.5,0,0.5,0,0,1,0.214286,1.94591,healthy_traffic,customer_error_21,customer_error
0.693147,0,1,0,1,0,0,0,0.214286,1.94591,healthy_traffic,customer_error_21,customer_error
0.693147,0,1,0,1,0,0,0,0.214286,1.94591,healthy_traffic,customer_error_21,customer_error
1.609438,0.75,0.25,0,0.25,0,0.347627,1,0.214286,1.94591,healthy_traffic,customer_error_21,customer_error
1.609438,0.75,0.25,0,0.25,0,0.444921,1,0.214286,1.94591,healthy_traffic,customer_error_21,customer_error
1.609438,0.75,0.25,0,0.25,0,0.742743,1,0.214286,1.94591,healthy_traffic,customer_error_21,customer_error
1.386294,0.666667,0.333333,0,0.333333,0,0.396226,1,0.214286,1.94591,healthy_traffic,customer_error_21,customer_error
1.386294,0.666667,0.333333,0,0.333333,0,0.8125,1,0.214286,1.94591,healthy_traffic,customer_error_21,customer_error
1.098612,0.5,0.5,0,0.5,0,0,1,0.214286,1.94591,healthy_traffic,customer_error_21,customer_error
0.693147,0,1,0,1,0,0,0,0.214286,1.94591,healthy_traffic,customer_error_21,customer_error
0.693147,0,1,0,1,0,0,0,0.214286,1.94591,healthy_traffic,customer_error_21,customer_error
4.007333,0.962963,0.037037,0,1,1,0.824137,0,1,0.693147,attack,attack_loud_22,attack_loud
4.007333,0.962963,0.037037,0,1,1,0.824137,0,1,0.693147,attack,attack_loud_22,attack_loud
1.098612,1,0,0,1,1,0,0,0.044444,3.295837,attack,attack_distributed_22,attack_distributed
1.098612,1,0,0,1,1,0,0,0.044444,3.295837,attack,attack_distributed_22,attack_distributed
1.098612,1,0,0,1,1,0,0,0.044444,3.295837,attack,attack_distributed_22,attack_distributed
1.098612,1,0,0,1,1,0,0,0.044444,3.295837,attack,attack_distributed_22,attack_distributed
1.098612,1,0,0,1,1,0,0,0.044444,3.295837,attack,attack_distributed_22,attack_distributed
1.098612,1,0,0,1,1,0,0,0.044444,3.295837,attack,attack_distributed_22,attack_distributed
1.098612,1,0,0,1,1,0,0,0.044444,3.295837,attack,attack_distributed_22,attack_distributed
1.098612,1,0,0,1,1,0,0,0.044444,3.295837,attack,attack_distributed_22,attack_distributed
1.098612,1,0,0,1,1,0,0,0.044444,3.295837,attack,attack_distributed_22,attack_distributed
1.098612,1,0,0,1,1,0,0,0.044444,3.295837,attack,attack_distributed_22,attack_distributed
1.098612,1,0,0,1,1,0,0,0.044444,3.295837,attack,attack_distributed_22,attack_distributed
1.098612,1,0,0,1,1,0,0,0.044444,3.295837,attack,attack_distributed_22,attack_distributed
1.098612,1,0,0,1,1,0,0,0.044444,3.295837,attack,attack_distributed_22,attack_distributed
1.098612,1,0,0,1,1,0,0,0.044444,3.295837,attack,attack_distributed_22,attack_distributed
1.098612,1,0,0,1,1,0,0,0.044444,3.295837,attack,attack_distributed_22,attack_distributed
1.098612,1,0,0,1,1,0,0,0.044444,3.295837,attack,attack_distributed_22,attack_distributed
2.639057,0.923077,0.076923,0,1,1,0.701949,0,0.352941,1.386294,attack,attack_low_amplitude_22,attack_low_amplitude
2.564949,1,0,0,1,1,0.640882,0,0.352941,1.386294,attack,attack_low_amplitude_22,attack_low_amplitude
2.564949,0.833333,0.166667,0,1,1,0.810298,0,0.352941,1.386294,attack,attack_low_amplitude_22,attack_low_amplitude
2.995732,0.894737,0.105263,0,1,1,0.748308,0,0.352941,1.386294,attack,attack_low_amplitude_22,attack_low_amplitude
2.944439,0.944444,0.055556,0,1,1,0.856615,0,0.352941,1.386294,attack,attack_low_amplitude_22,attack_low_amplitude
0.693147,1,0,1,1,0,0,0,0.038462,3.295837,outage,gateway_outage_22,gateway_outage
0.693147,1,0,1,1,0,0,0,0.038462,3.295837,outage,gateway_outage_22,gateway_outage
0.693147,1,0,1,1,0,0,0,0.038462,3.295837,outage,gateway_outage_22,gateway_outage
0.693147,1,0,1,1,0,0,0,0.038462,3.295837,outage,gateway_outage_22,gateway_outage
0.693147,1,0,1,1,0,0,0,0.038462,3.295837,outage,gateway_outage_22,gateway_outage
0.693147,1,0,1,1,0,0,0,0.038462,3.295837,outage,gateway_outage_22,gateway_outage
0.693147,1,0,1,1,0,0,0,0.038462,3.295837,outage,gateway_outage_22,gateway_outage
0.693147,1,0,1,1,0,0,0,0.038462,3.295837,outage,gateway_outage_22,gateway_outage
0.693147,1,0,1,1,0,0,0,0.038462,3.295837,outage,gateway_outage_22,gateway_outage
0.693147,1,0,1,1,0,0,0,0.038462,3.295837,outage,gateway_outage_22,gateway_outage
0.693147,1,0,1,1,0,0,0,0.038462,3.295837,outage,gateway_outage_22,gateway_outage
0.693147,1,0,1,1,0,0,0,0.038462,3.295837,outage,gateway_outage_22,gateway_outage
0.693147,1,0,1,1,0,0,0,0.038462,3.295837,outage,gateway_outage_22,gateway_outage
0.693147,1,0,1,1,0,0,0,0.038462,3.295837,outage,gateway_outage_22,gateway_outage
0.693147,1,0,1,1,0,0,0,0.038462,3.295837,outage,gateway_outage_22,gateway_outage
0.693147,1,0,1,1,0,0,0,0.038462,3.295837,outage,gateway_outage_22,gateway_outage
3.7612,0.904762,0.095238,0,0.190476,0,1.005437,0,1,0.693147,retry_storm,retry_storm_22,retry_storm
3.7612,0.904762,0.095238,0,0.190476,0,1.005437,0,1,0.693147,retry_storm,retry_storm_22,retry_storm
0.693147,1,0,0,1,0,0,0,0.333333,1.386294,healthy_traffic,normal_traffic_22,normal_traffic
0.693147,1,0,0,1,0,0,0,0.333333,1.386294,healthy_traffic,normal_traffic_22,normal_traffic
0.693147,1,0,0,1,0,0,0,0.333333,1.386294,healthy_traffic,normal_traffic_22,normal_traffic
0.693147,0,1,0,1,0,0,0,0.333333,1.386294,healthy_traffic,normal_traffic_22,normal_traffic
0.693147,0,1,0,1,0,0,0,0.333333,1.386294,healthy_traffic,normal_traffic_22,normal_traffic
0.693147,0,1,0,1,0,0,0,0.333333,1.386294,healthy_traffic,normal_traffic_22,normal_traffic
0.693147,0,1,0,1,0,0,0,0.333333,1.386294,healthy_traffic,normal_traffic_22,normal_traffic
0.693147,0,1,0,1,0,0,0,0.333333,1.386294,healthy_traffic,normal_traffic_22,normal_traffic
0.693147,1,0,0,1,0,0,0,0.333333,1.386294,healthy_traffic,normal_traffic_22,normal_traffic
0.693147,1,0,0,1,0,0,0,0.333333,1.386294,healthy_traffic,normal_traffic_22,normal_traffic
0.693147,1,0,0,1,0,0,0,0.333333,1.386294,healthy_traffic,normal_traffic_22,normal_traffic
0.693147,0,1,0,1,0,0,0,0.333333,1.386294,healthy_traffic,normal_traffic_22,normal_traffic
0.693147,0,1,0,1,0,0,0,0.333333,1.386294,healthy_traffic,normal_traffic_22,normal_traffic
0.693147,0,1,0,1,0,0,0,0.333333,1.386294,healthy_traffic,normal_traffic_22,normal_traffic
0.693147,0,1,0,1,0,0,0,0.333333,1.386294,healthy_traffic,normal_traffic_22,normal_traffic
0.693147,0,1,0,1,0,0,0,0.333333,1.386294,healthy_traffic,normal_traffic_22,normal_traffic
0.693147,1,0,0,1,0,0,0,0.052632,2.995732,healthy_traffic,flash_sale_22,flash_sale
0.693147,1,0,0,1,0,0,0,0.052632,2.995732,healthy_traffic,flash_sale_22,flash_sale
0.693147,1,0,0,1,0,0,0,0.052632,2.995732,healthy_traffic,flash_sale_22,flash_sale
0.693147,1,0,0,1,0,0,0,0.052632,2.995732,healthy_traffic,flash_sale_22,flash_sale
0.693147,1,0,0,1,0,0,0,0.052632,2.995732,healthy_traffic,flash_sale_22,flash_sale
0.693147,1,0,0,1,0,0,0,0.052632,2.995732,healthy_traffic,flash_sale_22,flash_sale
0.693147,1,0,0,1,0,0,0,0.052632,2.995732,healthy_traffic,flash_sale_22,flash_sale
0.693147,1,0,0,1,0,0,0,0.052632,2.995732,healthy_traffic,flash_sale_22,flash_sale
0.693147,1,0,0,1,0,0,0,0.052632,2.995732,healthy_traffic,flash_sale_22,flash_sale
0.693147,1,0,0,1,0,0,0,0.052632,2.995732,healthy_traffic,flash_sale_22,flash_sale
0.693147,1,0,0,1,0,0,0,0.052632,2.995732,healthy_traffic,flash_sale_22,flash_sale
0.693147,1,0,0,1,0,0,0,0.052632,2.995732,healthy_traffic,flash_sale_22,flash_sale
0.693147,1,0,0,1,0,0,0,0.052632,2.995732,healthy_traffic,flash_sale_22,flash_sale
0.693147,1,0,0,1,0,0,0,0.052632,2.995732,healthy_traffic,flash_sale_22,flash_sale
0.693147,1,0,0,1,0,0,0,0.052632,2.995732,healthy_traffic,flash_sale_22,flash_sale
0.693147,1,0,0,1,0,0,0,0.052632,2.995732,healthy_traffic,flash_sale_22,flash_sale
1.609438,0.75,0.25,0,0.25,0,0.590593,1,0.333333,1.791759,healthy_traffic,customer_error_22,customer_error
1.386294,0.666667,0.333333,0,0.333333,0,0.022727,1,0.333333,1.791759,healthy_traffic,customer_error_22,customer_error
1.386294,0.666667,0.333333,0,0.333333,0,0.136364,1,0.333333,1.791759,healthy_traffic,customer_error_22,customer_error
1.098612,0.5,0.5,0,0.5,0,0,1,0.333333,1.791759,healthy_traffic,customer_error_22,customer_error
1.098612,0.5,0.5,0,0.5,0,0,1,0.333333,1.791759,healthy_traffic,customer_error_22,customer_error
0.693147,0,1,0,1,0,0,0,0.333333,1.791759,healthy_traffic,customer_error_22,customer_error
0.693147,0,1,0,1,0,0,0,0.333333,1.791759,healthy_traffic,customer_error_22,customer_error
0.693147,0,1,0,1,0,0,0,0.333333,1.791759,healthy_traffic,customer_error_22,customer_error
1.609438,0.75,0.25,0,0.25,0,0.590593,1,0.333333,1.791759,healthy_traffic,customer_error_22,customer_error
1.386294,0.666667,0.333333,0,0.333333,0,0.022727,1,0.333333,1.791759,healthy_traffic,customer_error_22,customer_error
1.386294,0.666667,0.333333,0,0.333333,0,0.136364,1,0.333333,1.791759,healthy_traffic,customer_error_22,customer_error
1.098612,0.5,0.5,0,0.5,0,0,1,0.333333,1.791759,healthy_traffic,customer_error_22,customer_error
1.098612,0.5,0.5,0,0.5,0,0,1,0.333333,1.791759,healthy_traffic,customer_error_22,customer_error
0.693147,0,1,0,1,0,0,0,0.333333,1.791759,healthy_traffic,customer_error_22,customer_error
0.693147,0,1,0,1,0,0,0,0.333333,1.791759,healthy_traffic,customer_error_22,customer_error
0.693147,0,1,0,1,0,0,0,0.333333,1.791759,healthy_traffic,customer_error_22,customer_error
4.691348,0.972222,0.027778,0,1,1,0.971428,0,1,0.693147,attack,attack_loud_23,attack_loud
4.691348,0.972222,0.027778,0,1,1,0.971428,0,1,0.693147,attack,attack_loud_23,attack_loud
1.791759,1,0,0,1,1,0.191605,0,0.05814,3.091042,attack,attack_distributed_23,attack_distributed
1.791759,1,0,0,1,1,0.086259,0,0.05814,3.091042,attack,attack_distributed_23,attack_distributed
1.791759,1,0,0,1,1,0.147631,0,0.05814,3.091042,attack,attack_distributed_23,attack_distributed
1.791759,1,0,0,1,1,0.174993,0,0.05814,3.091042,attack,attack_distributed_23,attack_distributed
1.791759,0.8,0.2,0,1,1,0.174461,0,0.05814,3.091042,attack,attack_distributed_23,attack_distributed
1.609438,1,0,0,1,1,0.08335,0,0.05814,3.091042,attack,attack_distributed_23,attack_distributed
1.609438,1,0,0,1,1,0.146054,0,0.05814,3.091042,attack,attack_distributed_23,attack_distributed
1.609438,1,0,0,1,1,0.124696,0,0.05814,3.091042,attack,attack_distributed_23,attack_distributed
1.386294,1,0,0,1,1,0.033449,0,0.05814,3.091042,attack,attack_distributed_23,attack_distributed
1.386294,1,0,0,1,1,0.296837,0,0.05814,3.091042,attack,attack_distributed_23,attack_distributed
1.386294,1,0,0,1,1,0.175399,0,0.05814,3.091042,attack,attack_distributed_23,attack_distributed
1.386294,1,0,0,1,1,0.109853,0,0.05814,3.091042,attack,attack_distributed_23,attack_distributed
1.386294,1,0,0,1,1,0.261117,0,0.05814,3.091042,attack,attack_distributed_23,attack_distributed
1.386294,1,0,0,1,1,0.096176,0,0.05814,3.091042,attack,attack_distributed_23,attack_distributed
1.386294,1,0,0,1,1,0.203125,0,0.05814,3.091042,attack,attack_distributed_23,attack_distributed
1.386294,1,0,0,1,1,0.254199,0,0.05814,3.091042,attack,attack_distributed_23,attack_distributed
3.583519,0.942857,0.057143,0,1,1,0.611419,0,0.5,1.098612,attack,attack_low_amplitude_23,attack_low_amplitude
3.555348,0.970588,0.029412,0,1,1,0.599688,0,0.5,1.098612,attack,attack_low_amplitude_23,attack_low_amplitude
3.178054,1,0,0,1,1,0.491957,0,0.5,1.098612,attack,attack_low_amplitude_23,attack_low_amplitude
3.178054,1,0,0,1,1,0.415997,0,0.5,1.098612,attack,attack_low_amplitude_23,attack_low_amplitude
3.178054,0.869565,0.130435,0,1,1,0.551305,0,0.5,1.098612,attack,attack_low_amplitude_23,attack_low_amplitude
1.098612,1,0,1,1,0,0,0,0.045455,3.637586,outage,gateway_outage_23,gateway_outage
1.098612,1,0,1,1,0,0,0,0.045455,3.637586,outage,gateway_outage_23,gateway_outage
1.098612,1,0,1,1,0,0,0,0.045455,3.637586,outage,gateway_outage_23,gateway_outage
1.098612,1,0,1,1,0,0,0,0.045455,3.637586,outage,gateway_outage_23,gateway_outage
1.098612,1,0,1,1,0,0,0,0.045455,3.637586,outage,gateway_outage_23,gateway_outage
1.098612,1,0,1,1,0,0,0,0.045455,3.637586,outage,gateway_outage_23,gateway_outage
1.098612,1,0,1,1,0,0,0,0.045455,3.637586,outage,gateway_outage_23,gateway_outage
1.098612,0.5,0.5,1,1,0,0,0,0.045455,3.637586,outage,gateway_outage_23,gateway_outage
1.098612,1,0,1,1,0,0,0,0.045455,3.637586,outage,gateway_outage_23,gateway_outage
1.098612,1,0,1,1,0,0,0,0.045455,3.637586,outage,gateway_outage_23,gateway_outage
1.098612,1,0,1,1,0,0,0,0.045455,3.637586,outage,gateway_outage_23,gateway_outage
1.098612,1,0,1,1,0,0,0,0.045455,3.637586,outage,gateway_outage_23,gateway_outage
1.098612,1,0,1,1,0,0,0,0.045455,3.637586,outage,gateway_outage_23,gateway_outage
1.098612,0.5,0.5,1,1,0,0,0,0.045455,3.637586,outage,gateway_outage_23,gateway_outage
1.098612,0.5,0.5,1,1,0,0,0,0.045455,3.637586,outage,gateway_outage_23,gateway_outage
1.098612,0.5,0.5,1,1,0,0,0,0.045455,3.637586,outage,gateway_outage_23,gateway_outage
4.248495,0.869565,0.130435,0,0.115942,0,1.021979,0,1,0.693147,retry_storm,retry_storm_23,retry_storm
3.583519,0.885714,0.114286,0,0.114286,0,0.640509,0,1,0.693147,retry_storm,retry_storm_23,retry_storm
3.555348,0.852941,0.147059,0,0.117647,0,0.760108,0,1,0.693147,retry_storm,retry_storm_23,retry_storm
1.098612,0.5,0.5,0,1,0,0,0,0.5,1.098612,healthy_traffic,normal_traffic_23,normal_traffic
0.693147,1,0,0,1,0,0,0,0.5,1.098612,healthy_traffic,normal_traffic_23,normal_traffic
1.098612,0,1,0,1,0,0,0,0.5,1.098612,healthy_traffic,normal_traffic_23,normal_traffic
1.098612,0,1,0,1,0,0,0,0.5,1.098612,healthy_traffic,normal_traffic_23,normal_traffic
1.098612,0,1,0,1,0,0,0,0.5,1.098612,healthy_traffic,normal_traffic_23,normal_traffic
1.098612,0,1,0,1,0,0,0,0.5,1.098612,healthy_traffic,normal_traffic_23,normal_traffic
1.098612,0,1,0,1,0,0,0,0.5,1.098612,healthy_traffic,normal_traffic_23,normal_traffic
1.098612,0,1,0,1,0,0,0,0.5,1.098612,healthy_traffic,normal_traffic_23,normal_traffic
0.693147,1,0,0,1,0,0,0,0.5,1.098612,healthy_traffic,normal_traffic_23,normal_traffic
0.693147,1,0,0,1,0,0,0,0.5,1.098612,healthy_traffic,normal_traffic_23,normal_traffic
1.098612,0,1,0,1,0,0,0,0.5,1.098612,healthy_traffic,normal_traffic_23,normal_traffic
1.098612,0,1,0,1,0,0,0,0.5,1.098612,healthy_traffic,normal_traffic_23,normal_traffic
1.098612,0,1,0,1,0,0,0,0.5,1.098612,healthy_traffic,normal_traffic_23,normal_traffic
1.098612,0,1,0,1,0,0,0,0.5,1.098612,healthy_traffic,normal_traffic_23,normal_traffic
1.098612,0,1,0,1,0,0,0,0.5,1.098612,healthy_traffic,normal_traffic_23,normal_traffic
1.098612,0,1,0,1,0,0,0,0.5,1.098612,healthy_traffic,normal_traffic_23,normal_traffic
1.098612,1,0,0,1,0,0,0,0.083333,3.135494,healthy_traffic,flash_sale_23,flash_sale
1.098612,1,0,0,1,0,0,0,0.083333,3.135494,healthy_traffic,flash_sale_23,flash_sale
1.098612,0.5,0.5,0,1,0,0,0,0.083333,3.135494,healthy_traffic,flash_sale_23,flash_sale
1.098612,0.5,0.5,0,1,0,0,0,0.083333,3.135494,healthy_traffic,flash_sale_23,flash_sale
1.098612,0.5,0.5,0,1,0,0,0,0.083333,3.135494,healthy_traffic,flash_sale_23,flash_sale
1.098612,0.5,0.5,0,1,0,0,0,0.083333,3.135494,healthy_traffic,flash_sale_23,flash_sale
1.098612,0.5,0.5,0,1,0,0,0,0.083333,3.135494,healthy_traffic,flash_sale_23,flash_sale
1.098612,0.5,0.5,0,1,0,0,0,0.083333,3.135494,healthy_traffic,flash_sale_23,flash_sale
1.098612,1,0,0,1,0,0,0,0.083333,3.135494,healthy_traffic,flash_sale_23,flash_sale
1.098612,1,0,0,1,0,0,0,0.083333,3.135494,healthy_traffic,flash_sale_23,flash_sale
1.098612,0.5,0.5,0,1,0,0,0,0.083333,3.135494,healthy_traffic,flash_sale_23,flash_sale
1.098612,0.5,0.5,0,1,0,0,0,0.083333,3.135494,healthy_traffic,flash_sale_23,flash_sale
1.098612,0.5,0.5,0,1,0,0,0,0.083333,3.135494,healthy_traffic,flash_sale_23,flash_sale
1.098612,0.5,0.5,0,1,0,0,0,0.083333,3.135494,healthy_traffic,flash_sale_23,flash_sale
1.098612,0.5,0.5,0,1,0,0,0,0.083333,3.135494,healthy_traffic,flash_sale_23,flash_sale
1.098612,0.5,0.5,0,1,0,0,0,0.083333,3.135494,healthy_traffic,flash_sale_23,flash_sale
1.94591,0.666667,0.333333,0,0.333333,0,1.91116,1,0.190476,2.397895,healthy_traffic,customer_error_23,customer_error
1.791759,0.6,0.4,0,0.4,0,1.693227,0.5,0.190476,2.397895,healthy_traffic,customer_error_23,customer_error
1.791759,0.6,0.4,0,0.4,0,1.653485,0.5,0.190476,2.397895,healthy_traffic,customer_error_23,customer_error
1.609438,0.5,0.5,0,0.5,0,1.360433,0.5,0.190476,2.397895,healthy_traffic,customer_error_23,customer_error
1.609438,0.5,0.5,0,0.5,0,1.347995,0.5,0.190476,2.397895,healthy_traffic,customer_error_23,customer_error
1.609438,0.5,0.5,0,0.5,0,1.367099,0.5,0.190476,2.397895,healthy_traffic,customer_error_23,customer_error
1.386294,0.666667,0.333333,0,0.333333,0,0.123288,1,0.190476,2.397895,healthy_traffic,customer_error_23,customer_error
1.386294,0.333333,0.666667,0,0.666667,0,0.965046,0.5,0.190476,2.397895,healthy_traffic,customer_error_23,customer_error
1.791759,0.6,0.4,0,0.4,0,1.702159,0.5,0.190476,2.397895,healthy_traffic,customer_error_23,customer_error
1.791759,0.6,0.4,0,0.4,0,1.703019,0.5,0.190476,2.397895,healthy_traffic,customer_error_23,customer_error
1.791759,0.6,0.4,0,0.4,0,1.674179,0.5,0.190476,2.397895,healthy_traffic,customer_error_23,customer_error
1.609438,0.5,0.5,0,0.5,0,1.369974,0.5,0.190476,2.397895,healthy_traffic,customer_error_23,customer_error
1.386294,0.666667,0.333333,0,0.333333,0,0.568627,1,0.190476,2.397895,healthy_traffic,customer_error_23,customer_error
1.386294,0.666667,0.333333,0,0.333333,0,0.123288,1,0.190476,2.397895,healthy_traffic,customer_error_23,customer_error
1.386294,0.666667,0.333333,0,0.333333,0,0.078652,1,0.190476,2.397895,healthy_traffic,customer_error_23,customer_error
1.386294,0.333333,0.666667,0,0.666667,0,0.987762,0.5,0.190476,2.397895,healthy_traffic,customer_error_23,customer_error
4.615121,0.98,0.02,0,1,1,0.918259,0,1,0.693147,attack,attack_loud_24,attack_loud
4.615121,0.98,0.02,0,1,1,0.918259,0,1,0.693147,attack,attack_loud_24,attack_loud
1.386294,1,0,0,1,1,0.134792,0,0.036585,3.583519,attack,attack_distributed_24,attack_distributed
1.386294,1,0,0,1,1,0.277817,0,0.036585,3.583519,attack,attack_distributed_24,attack_distributed
1.386294,1,0,0,1,1,0.235644,0,0.036585,3.583519,attack,attack_distributed_24,attack_distributed
1.386294,1,0,0,1,1,0.209622,0,0.036585,3.583519,attack,attack_distributed_24,attack_distributed
1.386294,1,0,0,1,1,0.183333,0,0.036585,3.583519,attack,attack_distributed_24,attack_distributed
1.386294,1,0,0,1,1,0.193362,0,0.036585,3.583519,attack,attack_distributed_24,attack_distributed
1.386294,1,0,0,1,1,0.121339,0,0.036585,3.583519,attack,attack_distributed_24,attack_distributed
1.386294,1,0,0,1,1,0.121884,0,0.036585,3.583519,attack,attack_distributed_24,attack_distributed
1.609438,1,0,0,1,1,0.188045,0,0.036585,3.583519,attack,attack_distributed_24,attack_distributed
1.609438,1,0,0,1,1,0.123131,0,0.036585,3.583519,attack,attack_distributed_24,attack_distributed
1.609438,1,0,0,1,1,0.189472,0,0.036585,3.583519,attack,attack_distributed_24,attack_distributed
1.609438,1,0,0,1,1,0.201959,0,0.036585,3.583519,attack,attack_distributed_24,attack_distributed
1.609438,1,0,0,1,1,0.225348,0,0.036585,3.583519,attack,attack_distributed_24,attack_distributed
1.609438,1,0,0,1,1,0.239,0,0.036585,3.583519,attack,attack_distributed_24,attack_distributed
1.609438,1,0,0,1,1,0.211185,0,0.036585,3.583519,attack,attack_distributed_24,attack_distributed
1.609438,1,0,0,1,1,0.242172,0,0.036585,3.583519,attack,attack_distributed_24,attack_distributed
2.833213,1,0,0,1,1,0.510936,0,0.266667,1.609438,attack,attack_low_amplitude_24,attack_low_amplitude
2.833213,0.9375,0.0625,0,1,1,0.707775,0,0.266667,1.609438,attack,attack_low_amplitude_24,attack_low_amplitude
2.833213,0.9375,0.0625,0,1,1,0.491763,0,0.266667,1.609438,attack,attack_low_amplitude_24,attack_low_amplitude
2.833213,0.875,0.125,0,1,1,0.633609,0,0.266667,1.609438,attack,attack_low_amplitude_24,attack_low_amplitude
3.496508,0.96875,0.03125,0,1,1,0.896654,0,0.266667,1.609438,attack,attack_low_amplitude_24,attack_low_amplitude
3.496508,0.90625,0.09375,0,1,1,0.791344,0,0.266667,1.609438,attack,attack_low_amplitude_24,attack_low_amplitude
1.098612,1,0,1,1,0,0,0,0.046512,3.73767,outage,gateway_outage_24,gateway_outage
1.098612,1,0,1,1,0,0,0,0.046512,3.73767,outage,gateway_outage_24,gateway_outage
1.098612,0.5,0.5,1,1,0,0,0,0.046512,3.73767,outage,gateway_outage_24,gateway_outage
0.693147,1,0,1,1,0,0,0,0.046512,3.73767,outage,gateway_outage_24,gateway_outage
0.693147,1,0,1,1,0,0,0,0.046512,3.73767,outage,gateway_outage_24,gateway_outage
0.693147,1,0,1,1,0,0,0,0.046512,3.73767,outage,gateway_outage_24,gateway_outage
0.693147,1,0,1,1,0,0,0,0.046512,3.73767,outage,gateway_outage_24,gateway_outage
0.693147,1,0,1,1,0,0,0,0.046512,3.73767,outage,gateway_outage_24,gateway_outage
1.098612,1,0,1,1,0,0,0,0.046512,3.73767,outage,gateway_outage_24,gateway_outage
1.098612,1,0,1,1,0,0,0,0.046512,3.73767,outage,gateway_outage_24,gateway_outage
1.098612,1,0,1,1,0,0,0,0.046512,3.73767,outage,gateway_outage_24,gateway_outage
1.098612,1,0,1,1,0,0,0,0.046512,3.73767,outage,gateway_outage_24,gateway_outage
1.098612,1,0,1,1,0,0,0,0.046512,3.73767,outage,gateway_outage_24,gateway_outage
1.098612,1,0,1,1,0,0,0,0.046512,3.73767,outage,gateway_outage_24,gateway_outage
1.098612,1,0,1,1,0,0,0,0.046512,3.73767,outage,gateway_outage_24,gateway_outage
1.098612,1,0,1,1,0,0,0,0.046512,3.73767,outage,gateway_outage_24,gateway_outage
3.135494,0.863636,0.136364,0,0.363636,0,0.610698,0,0.345455,1.386294,retry_storm,retry_storm_24,retry_storm
3.091042,0.904762,0.095238,0,0.380952,0,0.654827,0,0.345455,1.386294,retry_storm,retry_storm_24,retry_storm
3.135494,0.772727,0.227273,0,0.363636,0,0.641267,0,0.345455,1.386294,retry_storm,retry_storm_24,retry_storm
4.189655,0.846154,0.153846,0,0.123077,0,0.901103,0,0.345455,1.386294,retry_storm,retry_storm_24,retry_storm
0.693147,1,0,0,1,0,0,0,0.25,1.609438,healthy_traffic,normal_traffic_24,normal_traffic
0.693147,1,0,0,1,0,0,0,0.25,1.609438,healthy_traffic,normal_traffic_24,normal_traffic
0.693147,1,0,0,1,0,0,0,0.25,1.609438,healthy_traffic,normal_traffic_24,normal_traffic
0.693147,1,0,0,1,0,0,0,0.25,1.609438,healthy_traffic,normal_traffic_24,normal_traffic
1.098612,0,1,0,1,0,0,0,0.25,1.609438,healthy_traffic,normal_traffic_24,normal_traffic
1.098612,0,1,0,1,0,0,0,0.25,1.609438,healthy_traffic,normal_traffic_24,normal_traffic
0.693147,0,1,0,1,0,0,0,0.25,1.609438,healthy_traffic,normal_traffic_24,normal_traffic
0.693147,0,1,0,1,0,0,0,0.25,1.609438,healthy_traffic,normal_traffic_24,normal_traffic
1.098612,0.5,0.5,0,1,0,0,0,0.25,1.609438,healthy_traffic,normal_traffic_24,normal_traffic
1.098612,0.5,0.5,0,1,0,0,0,0.25,1.609438,healthy_traffic,normal_traffic_24,normal_traffic
0.693147,1,0,0,1,0,0,0,0.25,1.609438,healthy_traffic,normal_traffic_24,normal_traffic
0.693147,1,0,0,1,0,0,0,0.25,1.609438,healthy_traffic,normal_traffic_24,normal_traffic
1.098612,0,1,0,1,0,0,0,0.25,1.609438,healthy_traffic,normal_traffic_24,normal_traffic
1.098612,0,1,0,1,0,0,0,0.25,1.609438,healthy_traffic,normal_traffic_24,normal_traffic
1.098612,0,1,0,1,0,0,0,0.25,1.609438,healthy_traffic,normal_traffic_24,normal_traffic
1.098612,0,1,0,1,0,0,0,0.25,1.609438,healthy_traffic,normal_traffic_24,normal_traffic
1.098612,0.5,0.5,0,1,0,0,0,0.038462,3.295837,healthy_traffic,flash_sale_24,flash_sale
1.098612,0.5,0.5,0,1,0,0,0,0.038462,3.295837,healthy_traffic,flash_sale_24,flash_sale
1.098612,0.5,0.5,0,1,0,0,0,0.038462,3.295837,healthy_traffic,flash_sale_24,flash_sale
0.693147,1,0,0,1,0,0,0,0.038462,3.295837,healthy_traffic,flash_sale_24,flash_sale
0.693147,1,0,0,1,0,0,0,0.038462,3.295837,healthy_traffic,flash_sale_24,flash_sale
0.693147,1,0,0,1,0,0,0,0.038462,3.295837,healthy_traffic,flash_sale_24,flash_sale
0.693147,1,0,0,1,0,0,0,0.038462,3.295837,healthy_traffic,flash_sale_24,flash_sale
0.693147,1,0,0,1,0,0,0,0.038462,3.295837,healthy_traffic,flash_sale_24,flash_sale
1.098612,1,0,0,1,0,0,0,0.038462,3.295837,healthy_traffic,flash_sale_24,flash_sale
1.098612,1,0,0,1,0,0,0,0.038462,3.295837,healthy_traffic,flash_sale_24,flash_sale
1.098612,1,0,0,1,0,0,0,0.038462,3.295837,healthy_traffic,flash_sale_24,flash_sale
1.098612,1,0,0,1,0,0,0,0.038462,3.295837,healthy_traffic,flash_sale_24,flash_sale
1.098612,0.5,0.5,0,1,0,0,0,0.038462,3.295837,healthy_traffic,flash_sale_24,flash_sale
1.098612,0.5,0.5,0,1,0,0,0,0.038462,3.295837,healthy_traffic,flash_sale_24,flash_sale
1.098612,0.5,0.5,0,1,0,0,0,0.038462,3.295837,healthy_traffic,flash_sale_24,flash_sale
1.098612,0.5,0.5,0,1,0,0,0,0.038462,3.295837,healthy_traffic,flash_sale_24,flash_sale
1.609438,0.75,0.25,0,0.25,0,0.441942,1,0.15,2.484907,healthy_traffic,customer_error_24,customer_error
1.609438,0.75,0.25,0,0.25,0,0.54519,1,0.15,2.484907,healthy_traffic,customer_error_24,customer_error
1.609438,0.75,0.25,0,0.25,0,0.350436,1,0.15,2.484907,healthy_traffic,customer_error_24,customer_error
1.386294,0.666667,0.333333,0,0.333333,0,0.047619,1,0.15,2.484907,healthy_traffic,customer_error_24,customer_error
1.386294,0.666667,0.333333,0,0.333333,0,0.435897,1,0.15,2.484907,healthy_traffic,customer_error_24,customer_error
1.386294,0.666667,0.333333,0,0.333333,0,0.032258,1,0.15,2.484907,healthy_traffic,customer_error_24,customer_error
1.386294,0.333333,0.666667,0,0.666667,0,0.977055,0.5,0.15,2.484907,healthy_traffic,customer_error_24,customer_error
1.098612,0.5,0.5,0,0.5,0,0,1,0.15,2.484907,healthy_traffic,customer_error_24,customer_error
1.94591,0.666667,0.333333,0,0.333333,0,1.913122,1,0.15,2.484907,healthy_traffic,customer_error_24,customer_error
1.791759,0.6,0.4,0,0.4,0,1.652984,0.5,0.15,2.484907,healthy_traffic,customer_error_24,customer_error
1.791759,0.6,0.4,0,0.4,0,1.660494,0.5,0.15,2.484907,healthy_traffic,customer_error_24,customer_error
1.609438,0.75,0.25,0,0.25,0,0.54519,1,0.15,2.484907,healthy_traffic,customer_error_24,customer_error
1.609438,0.5,0.5,0,0.5,0,1.357779,1,0.15,2.484907,healthy_traffic,customer_error_24,customer_error
1.386294,0.666667,0.333333,0,0.333333,0,0.435897,1,0.15,2.484907,healthy_traffic,customer_error_24,customer_error
1.386294,0.333333,0.666667,0,0.666667,0,0.988467,0.5,0.15,2.484907,healthy_traffic,customer_error_24,customer_error
1.386294,0.333333,0.666667,0,0.666667,0,0.969316,0.5,0.15,2.484907,healthy_traffic,customer_error_24,customer_error
4.564348,0.978947,0.021053,0,1,1,0.882586,0,1,0.693147,attack,attack_loud_25,attack_loud
4.564348,0.978947,0.021053,0,1,1,0.882586,0,1,0.693147,attack,attack_loud_25,attack_loud
1.609438,1,0,0,1,1,0.164386,0,0.054054,3.044522,attack,attack_distributed_25,attack_distributed
1.609438,1,0,0,1,1,0.152234,0,0.054054,3.044522,attack,attack_distributed_25,attack_distributed
1.609438,1,0,0,1,1,0.097398,0,0.054054,3.044522,attack,attack_distributed_25,attack_distributed
1.609438,1,0,0,1,1,0.088735,0,0.054054,3.044522,attack,attack_distributed_25,attack_distributed
1.609438,1,0,0,1,1,0.099464,0,0.054054,3.044522,attack,attack_distributed_25,attack_distributed
1.609438,1,0,0,1,1,0.077541,0,0.054054,3.044522,attack,attack_distributed_25,attack_distributed
1.609438,1,0,0,1,1,0.097618,0,0.054054,3.044522,attack,attack_distributed_25,attack_distributed
1.609438,1,0,0,1,1,0.077071,0,0.054054,3.044522,attack,attack_distributed_25,attack_distributed
1.386294,1,0,0,1,1,0.193741,0,0.054054,3.044522,attack,attack_distributed_25,attack_distributed
1.386294,1,0,0,1,1,0.162996,0,0.054054,3.044522,attack,attack_distributed_25,attack_distributed
1.386294,1,0,0,1,1,0.112868,0,0.054054,3.044522,attack,attack_distributed_25,attack_distributed
1.386294,1,0,0,1,1,0.142205,0,0.054054,3.044522,attack,attack_distributed_25,attack_distributed
1.386294,0.666667,0.333333,0,1,1,0.10785,0,0.054054,3.044522,attack,attack_distributed_25,attack_distributed
1.098612,1,0,0,1,1,0,0,0.054054,3.044522,attack,attack_distributed_25,attack_distributed
1.098612,1,0,0,1,1,0,0,0.054054,3.044522,attack,attack_distributed_25,attack_distributed
1.098612,1,0,0,1,1,0,0,0.054054,3.044522,attack,attack_distributed_25,attack_distributed
3.465736,0.967742,0.032258,0,1,1,0.538001,0,0.517241,1.098612,attack,attack_low_amplitude_25,attack_low_amplitude
3.433987,0.933333,0.066667,0,1,1,0.672033,0,0.517241,1.098612,attack,attack_low_amplitude_25,attack_low_amplitude
2.833213,0.9375,0.0625,0,1,1,0.368498,0,0.517241,1.098612,attack,attack_low_amplitude_25,attack_low_amplitude
2.772589,1,0,0,1,1,0.455033,0,0.517241,1.098612,attack,attack_low_amplitude_25,attack_low_amplitude
2.772589,1,0,0,1,1,0.393534,0,0.517241,1.098612,attack,attack_low_amplitude_25,attack_low_amplitude
2.772589,0.866667,0.133333,0,1,1,0.316672,0,0.517241,1.098612,attack,attack_low_amplitude_25,attack_low_amplitude
1.098612,1,0,1,1,0,0,0,0.044444,3.555348,outage,gateway_outage_25,gateway_outage
1.098612,1,0,1,1,0,0,0,0.044444,3.555348,outage,gateway_outage_25,gateway_outage
1.098612,1,0,1,1,0,0,0,0.044444,3.555348,outage,gateway_outage_25,gateway_outage
1.098612,1,0,1,1,0,0,0,0.044444,3.555348,outage,gateway_outage_25,gateway_outage
1.098612,1,0,1,1,0,0,0,0.044444,3.555348,outage,gateway_outage_25,gateway_outage
1.098612,1,0,1,1,0,0,0,0.044444,3.555348,outage,gateway_outage_25,gateway_outage
1.098612,1,0,1,1,0,0,0,0.044444,3.555348,outage,gateway_outage_25,gateway_outage
1.098612,1,0,1,1,0,0,0,0.044444,3.555348,outage,gateway_outage_25,gateway_outage
1.098612,1,0,1,1,0,0,0,0.044444,3.555348,outage,gateway_outage_25,gateway_outage
1.098612,0.5,0.5,1,1,0,0,0,0.044444,3.555348,outage,gateway_outage_25,gateway_outage
0.693147,1,0,1,1,0,0,0,0.044444,3.555348,outage,gateway_outage_25,gateway_outage
0.693147,1,0,1,1,0,0,0,0.044444,3.555348,outage,gateway_outage_25,gateway_outage
0.693147,1,0,1,1,0,0,0,0.044444,3.555348,outage,gateway_outage_25,gateway_outage
0.693147,1,0,1,1,0,0,0,0.044444,3.555348,outage,gateway_outage_25,gateway_outage
0.693147,1,0,1,1,0,0,0,0.044444,3.555348,outage,gateway_outage_25,gateway_outage
0.693147,1,0,1,1,0,0,0,0.044444,3.555348,outage,gateway_outage_25,gateway_outage
4.158883,0.888889,0.111111,0,0.126984,0,0.814147,0,1,0.693147,retry_storm,retry_storm_25,retry_storm
3.465736,0.935484,0.064516,0,0.129032,0,0.6227,0,1,0.693147,retry_storm,retry_storm_25,retry_storm
3.496508,0.84375,0.15625,0,0.125,0,0.563631,0,1,0.693147,retry_storm,retry_storm_25,retry_storm
1.098612,0.5,0.5,0,1,0,0,0,0.333333,1.386294,healthy_traffic,normal_traffic_25,normal_traffic
0.693147,1,0,0,1,0,0,0,0.333333,1.386294,healthy_traffic,normal_traffic_25,normal_traffic
0.693147,1,0,0,1,0,0,0,0.333333,1.386294,healthy_traffic,normal_traffic_25,normal_traffic
1.098612,0,1,0,1,0,0,0,0.333333,1.386294,healthy_traffic,normal_traffic_25,normal_traffic
1.098612,0,1,0,1,0,0,0,0.333333,1.386294,healthy_traffic,normal_traffic_25,normal_traffic
1.098612,0,1,0,1,0,0,0,0.333333,1.386294,healthy_traffic,normal_traffic_25,normal_traffic
1.098612,0,1,0,1,0,0,0,0.333333,1.386294,healthy_traffic,normal_traffic_25,normal_traffic
1.098612,0,1,0,1,0,0,0,0.333333,1.386294,healthy_traffic,normal_traffic_25,normal_traffic
0.693147,1,0,0,1,0,0,0,0.333333,1.386294,healthy_traffic,normal_traffic_25,normal_traffic
0.693147,1,0,0,1,0,0,0,0.333333,1.386294,healthy_traffic,normal_traffic_25,normal_traffic
0.693147,1,0,0,1,0,0,0,0.333333,1.386294,healthy_traffic,normal_traffic_25,normal_traffic
1.098612,0,1,0,1,0,0,0,0.333333,1.386294,healthy_traffic,normal_traffic_25,normal_traffic
1.098612,0,1,0,1,0,0,0,0.333333,1.386294,healthy_traffic,normal_traffic_25,normal_traffic
1.098612,0,1,0,1,0,0,0,0.333333,1.386294,healthy_traffic,normal_traffic_25,normal_traffic
0.693147,0,1,0,1,0,0,0,0.333333,1.386294,healthy_traffic,normal_traffic_25,normal_traffic
0.693147,0,1,0,1,0,0,0,0.333333,1.386294,healthy_traffic,normal_traffic_25,normal_traffic
1.098612,1,0,0,1,0,0,0,0.090909,3.091042,healthy_traffic,flash_sale_25,flash_sale
1.098612,0.5,0.5,0,1,0,0,0,0.090909,3.091042,healthy_traffic,flash_sale_25,flash_sale
1.098612,0.5,0.5,0,1,0,0,0,0.090909,3.091042,healthy_traffic,flash_sale_25,flash_sale
1.098612,0.5,0.5,0,1,0,0,0,0.090909,3.091042,healthy_traffic,flash_sale_25,flash_sale
1.098612,0.5,0.5,0,1,0,0,0,0.090909,3.091042,healthy_traffic,flash_sale_25,flash_sale
1.098612,0.5,0.5,0,1,0,0,0,0.090909,3.091042,healthy_traffic,flash_sale_25,flash_sale
1.098612,0.5,0.5,0,1,0,0,0,0.090909,3.091042,healthy_traffic,flash_sale_25,flash_sale
1.098612,0.5,0.5,0,1,0,0,0,0.090909,3.091042,healthy_traffic,flash_sale_25,flash_sale
1.098612,0.5,0.5,0,1,0,0,0,0.090909,3.091042,healthy_traffic,flash_sale_25,flash_sale
0.693147,1,0,0,1,0,0,0,0.090909,3.091042,healthy_traffic,flash_sale_25,flash_sale
0.693147,1,0,0,1,0,0,0,0.090909,3.091042,healthy_traffic,flash_sale_25,flash_sale
0.693147,1,0,0,1,0,0,0,0.090909,3.091042,healthy_traffic,flash_sale_25,flash_sale
0.693147,1,0,0,1,0,0,0,0.090909,3.091042,healthy_traffic,flash_sale_25,flash_sale
0.693147,1,0,0,1,0,0,0,0.090909,3.091042,healthy_traffic,flash_sale_25,flash_sale
0.693147,1,0,0,1,0,0,0,0.090909,3.091042,healthy_traffic,flash_sale_25,flash_sale
0.693147,1,0,0,1,0,0,0,0.090909,3.091042,healthy_traffic,flash_sale_25,flash_sale
1.791759,0.6,0.4,0,0.4,0,1.664358,0.5,0.136364,2.564949,healthy_traffic,customer_error_25,customer_error
1.791759,0.6,0.4,0,0.4,0,1.706814,0.5,0.136364,2.564949,healthy_traffic,customer_error_25,customer_error
1.609438,0.75,0.25,0,0.25,0,0.767444,1,0.136364,2.564949,healthy_traffic,customer_error_25,customer_error
1.609438,0.5,0.5,0,0.5,0,1.381764,0.5,0.136364,2.564949,healthy_traffic,customer_error_25,customer_error
1.609438,0.5,0.5,0,0.5,0,1.396479,0.5,0.136364,2.564949,healthy_traffic,customer_error_25,customer_error
1.386294,0.666667,0.333333,0,0.333333,0,0.804878,1,0.136364,2.564949,healthy_traffic,customer_error_25,customer_error
1.386294,0.666667,0.333333,0,0.333333,0,0.64,1,0.136364,2.564949,healthy_traffic,customer_error_25,customer_error
1.386294,0.333333,0.666667,0,0.666667,0,0.967516,0.5,0.136364,2.564949,healthy_traffic,customer_error_25,customer_error
1.609438,0.75,0.25,0,0.25,0,0.432716,1,0.136364,2.564949,healthy_traffic,customer_error_25,customer_error
1.609438,0.75,0.25,0,0.25,0,0.349697,1,0.136364,2.564949,healthy_traffic,customer_error_25,customer_error
1.609438,0.75,0.25,0,0.25,0,0.767444,1,0.136364,2.564949,healthy_traffic,customer_error_25,customer_error
1.609438,0.5,0.5,0,0.5,0,1.393984,0.5,0.136364,2.564949,healthy_traffic,customer_error_25,customer_error
1.386294,0.666667,0.333333,0,0.333333,0,0.804878,1,0.136364,2.564949,healthy_traffic,customer_error_25,customer_error
1.386294,0.666667,0.333333,0,0.333333,0,0.64,1,0.136364,2.564949,healthy_traffic,customer_error_25,customer_error
1.386294,0.666667,0.333333,0,0.333333,0,0.266667,1,0.136364,2.564949,healthy_traffic,customer_error_25,customer_error
1.098612,0.5,0.5,0,0.5,0,0,1,0.136364,2.564949,healthy_traffic,customer_error_25,customer_error
3.951244,1,0,0,1,1,0.851915,0,1,0.693147,attack,attack_loud_26,attack_loud
3.951244,1,0,0,1,1,0.851915,0,1,0.693147,attack,attack_loud_26,attack_loud
1.098612,1,0,0,1,1,0,0,0.043478,3.178054,attack,attack_distributed_26,attack_distributed
1.098612,1,0,0,1,1,0,0,0.043478,3.178054,attack,attack_distributed_26,attack_distributed
1.098612,1,0,0,1,1,0,0,0.043478,3.178054,attack,attack_distributed_26,attack_distributed
1.098612,1,0,0,1,1,0,0,0.043478,3.178054,attack,attack_distributed_26,attack_distributed
1.098612,1,0,0,1,1,0,0,0.043478,3.178054,attack,attack_distributed_26,attack_distributed
1.098612,1,0,0,1,1,0,0,0.043478,3.178054,attack,attack_distributed_26,attack_distributed
1.098612,1,0,0,1,1,0,0,0.043478,3.178054,attack,attack_distributed_26,attack_distributed
1.098612,1,0,0,1,1,0,0,0.043478,3.178054,attack,attack_distributed_26,attack_distributed
1.098612,1,0,0,1,1,0,0,0.043478,3.178054,attack,attack_distributed_26,attack_distributed
1.098612,1,0,0,1,1,0,0,0.043478,3.178054,attack,attack_distributed_26,attack_distributed
1.098612,1,0,0,1,1,0,0,0.043478,3.178054,attack,attack_distributed_26,attack_distributed
1.098612,1,0,0,1,1,0,0,0.043478,3.178054,attack,attack_distributed_26,attack_distributed
1.098612,1,0,0,1,1,0,0,0.043478,3.178054,attack,attack_distributed_26,attack_distributed
1.098612,1,0,0,1,1,0,0,0.043478,3.178054,attack,attack_distributed_26,attack_distributed
1.098612,1,0,0,1,1,0,0,0.043478,3.178054,attack,attack_distributed_26,attack_distributed
1.098612,1,0,0,1,1,0,0,0.043478,3.178054,attack,attack_distributed_26,attack_distributed
2.944439,1,0,0,1,1,0.645064,0,0.529412,1.098612,attack,attack_low_amplitude_26,attack_low_amplitude
2.890372,0.941176,0.058824,0,1,1,0.544407,0,0.529412,1.098612,attack,attack_low_amplitude_26,attack_low_amplitude
2.302585,1,0,0,1,1,0.420012,0,0.529412,1.098612,attack,attack_low_amplitude_26,attack_low_amplitude
2.302585,1,0,0,1,1,0.428994,0,0.529412,1.098612,attack,attack_low_amplitude_26,attack_low_amplitude
2.302585,1,0,0,1,1,0.359041,0,0.529412,1.098612,attack,attack_low_amplitude_26,attack_low_amplitude
2.197225,0.875,0.125,0,1,1,0.374044,0,0.529412,1.098612,attack,attack_low_amplitude_26,attack_low_amplitude
0.693147,1,0,1,1,0,0,0,0.03125,3.496508,outage,gateway_outage_26,gateway_outage
0.693147,1,0,1,1,0,0,0,0.03125,3.496508,outage,gateway_outage_26,gateway_outage
0.693147,1,0,1,1,0,0,0,0.03125,3.496508,outage,gateway_outage_26,gateway_outage
0.693147,1,0,1,1,0,0,0,0.03125,3.496508,outage,gateway_outage_26,gateway_outage
0.693147,1,0,1,1,0,0,0,0.03125,3.496508,outage,gateway_outage_26,gateway_outage
0.693147,1,0,1,1,0,0,0,0.03125,3.496508,outage,gateway_outage_26,gateway_outage
0.693147,1,0,1,1,0,0,0,0.03125,3.496508,outage,gateway_outage_26,gateway_outage
0.693147,1,0,1,1,0,0,0,0.03125,3.496508,outage,gateway_outage_26,gateway_outage
0.693147,1,0,1,1,0,0,0,0.03125,3.496508,outage,gateway_outage_26,gateway_outage
0.693147,1,0,1,1,0,0,0,0.03125,3.496508,outage,gateway_outage_26,gateway_outage
0.693147,1,0,1,1,0,0,0,0.03125,3.496508,outage,gateway_outage_26,gateway_outage
0.693147,1,0,1,1,0,0,0,0.03125,3.496508,outage,gateway_outage_26,gateway_outage
0.693147,1,0,1,1,0,0,0,0.03125,3.496508,outage,gateway_outage_26,gateway_outage
0.693147,1,0,1,1,0,0,0,0.03125,3.496508,outage,gateway_outage_26,gateway_outage
0.693147,1,0,1,1,0,0,0,0.03125,3.496508,outage,gateway_outage_26,gateway_outage
0.693147,1,0,1,1,0,0,0,0.03125,3.496508,outage,gateway_outage_26,gateway_outage
3.713572,0.85,0.15,0,0.2,0,0.995862,0,1,0.693147,retry_storm,retry_storm_26,retry_storm
3.044522,0.85,0.15,0,0.2,0,0.721718,0,1,0.693147,retry_storm,retry_storm_26,retry_storm
3.044522,0.85,0.15,0,0.2,0,0.683771,0,1,0.693147,retry_storm,retry_storm_26,retry_storm
0.693147,1,0,0,1,0,0,0,0.111111,2.302585,healthy_traffic,normal_traffic_26,normal_traffic
0.693147,1,0,0,1,0,0,0,0.111111,2.302585,healthy_traffic,normal_traffic_26,normal_traffic
0.693147,1,0,0,1,0,0,0,0.111111,2.302585,healthy_traffic,normal_traffic_26,normal_traffic
0.693147,1,0,0,1,0,0,0,0.111111,2.302585,healthy_traffic,normal_traffic_26,normal_traffic
0.693147,1,0,0,1,0,0,0,0.111111,2.302585,healthy_traffic,normal_traffic_26,normal_traffic
0.693147,1,0,0,1,0,0,0,0.111111,2.302585,healthy_traffic,normal_traffic_26,normal_traffic
0.693147,1,0,0,1,0,0,0,0.111111,2.302585,healthy_traffic,normal_traffic_26,normal_traffic
0.693147,1,0,0,1,0,0,0,0.111111,2.302585,healthy_traffic,normal_traffic_26,normal_traffic
0.693147,1,0,0,1,0,0,0,0.111111,2.302585,healthy_traffic,normal_traffic_26,normal_traffic
0.693147,1,0,0,1,0,0,0,0.111111,2.302585,healthy_traffic,normal_traffic_26,normal_traffic
0.693147,1,0,0,1,0,0,0,0.111111,2.302585,healthy_traffic,normal_traffic_26,normal_traffic
0.693147,1,0,0,1,0,0,0,0.111111,2.302585,healthy_traffic,normal_traffic_26,normal_traffic
0.693147,1,0,0,1,0,0,0,0.111111,2.302585,healthy_traffic,normal_traffic_26,normal_traffic
0.693147,1,0,0,1,0,0,0,0.111111,2.302585,healthy_traffic,normal_traffic_26,normal_traffic
0.693147,1,0,0,1,0,0,0,0.111111,2.302585,healthy_traffic,normal_traffic_26,normal_traffic
0.693147,1,0,0,1,0,0,0,0.111111,2.302585,healthy_traffic,normal_traffic_26,normal_traffic
0.693147,1,0,0,1,0,0,0,0.071429,2.70805,healthy_traffic,flash_sale_26,flash_sale
0.693147,1,0,0,1,0,0,0,0.071429,2.70805,healthy_traffic,flash_sale_26,flash_sale
0.693147,1,0,0,1,0,0,0,0.071429,2.70805,healthy_traffic,flash_sale_26,flash_sale
0.693147,1,0,0,1,0,0,0,0.071429,2.70805,healthy_traffic,flash_sale_26,flash_sale
0.693147,1,0,0,1,0,0,0,0.071429,2.70805,healthy_traffic,flash_sale_26,flash_sale
0.693147,1,0,0,1,0,0,0,0.071429,2.70805,healthy_traffic,flash_sale_26,flash_sale
0.693147,1,0,0,1,0,0,0,0.071429,2.70805,healthy_traffic,flash_sale_26,flash_sale
0.693147,1,0,0,1,0,0,0,0.071429,2.70805,healthy_traffic,flash_sale_26,flash_sale
0.693147,1,0,0,1,0,0,0,0.071429,2.70805,healthy_traffic,flash_sale_26,flash_sale
0.693147,1,0,0,1,0,0,0,0.071429,2.70805,healthy_traffic,flash_sale_26,flash_sale
0.693147,1,0,0,1,0,0,0,0.071429,2.70805,healthy_traffic,flash_sale_26,flash_sale
0.693147,1,0,0,1,0,0,0,0.071429,2.70805,healthy_traffic,flash_sale_26,flash_sale
0.693147,1,0,0,1,0,0,0,0.071429,2.70805,healthy_traffic,flash_sale_26,flash_sale
0.693147,1,0,0,1,0,0,0,0.071429,2.70805,healthy_traffic,flash_sale_26,flash_sale
0.693147,1,0,0,1,0,0,0,0.071429,2.70805,healthy_traffic,flash_sale_26,flash_sale
0.693147,1,0,0,1,0,0,0,0.071429,2.70805,healthy_traffic,flash_sale_26,flash_sale
1.386294,0.666667,0.333333,0,0.333333,0,0.133333,1,0.4,1.386294,healthy_traffic,customer_error_26,customer_error
1.386294,0.666667,0.333333,0,0.333333,0,0.30303,1,0.4,1.386294,healthy_traffic,customer_error_26,customer_error
1.098612,0.5,0.5,0,0.5,0,0,1,0.4,1.386294,healthy_traffic,customer_error_26,customer_error
0.693147,0,1,0,1,0,0,0,0.4,1.386294,healthy_traffic,customer_error_26,customer_error
0.693147,0,1,0,1,0,0,0,0.4,1.386294,healthy_traffic,customer_error_26,customer_error
0.693147,0,1,0,1,0,0,0,0.4,1.386294,healthy_traffic,customer_error_26,customer_error
0.693147,0,1,0,1,0,0,0,0.4,1.386294,healthy_traffic,customer_error_26,customer_error
0.693147,0,1,0,1,0,0,0,0.4,1.386294,healthy_traffic,customer_error_26,customer_error
1.386294,0.666667,0.333333,0,0.333333,0,0.133333,1,0.4,1.386294,healthy_traffic,customer_error_26,customer_error
1.386294,0.666667,0.333333,0,0.333333,0,0.30303,1,0.4,1.386294,healthy_traffic,customer_error_26,customer_error
1.098612,0.5,0.5,0,0.5,0,0,1,0.4,1.386294,healthy_traffic,customer_error_26,customer_error
0.693147,0,1,0,1,0,0,0,0.4,1.386294,healthy_traffic,customer_error_26,customer_error
0.693147,0,1,0,1,0,0,0,0.4,1.386294,healthy_traffic,customer_error_26,customer_error
0.693147,0,1,0,1,0,0,0,0.4,1.386294,healthy_traffic,customer_error_26,customer_error
0.693147,0,1,0,1,0,0,0,0.4,1.386294,healthy_traffic,customer_error_26,customer_error
0.693147,0,1,0,1,0,0,0,0.4,1.386294,healthy_traffic,customer_error_26,customer_error
4.543295,0.956989,0.043011,0,1,1,1.29113,0,1,0.693147,attack,attack_loud_27,attack_loud
4.543295,0.956989,0.043011,0,1,1,1.29113,0,1,0.693147,attack,attack_loud_27,attack_loud
1.386294,1,0,0,1,1,0.115005,0,0.040541,3.583519,attack,attack_distributed_27,attack_distributed
1.386294,1,0,0,1,1,0.038877,0,0.040541,3.583519,attack,attack_distributed_27,attack_distributed
1.386294,1,0,0,1,1,0.045553,0,0.040541,3.583519,attack,attack_distributed_27,attack_distributed
1.386294,1,0,0,1,1,0.027503,0,0.040541,3.583519,attack,attack_distributed_27,attack_distributed
1.386294,1,0,0,1,1,0.092437,0,0.040541,3.583519,attack,attack_distributed_27,attack_distributed
1.386294,0.666667,0.333333,0,1,1,0.011628,0,0.040541,3.583519,attack,attack_distributed_27,attack_distributed
1.386294,0.666667,0.333333,0,1,1,0.070883,0,0.040541,3.583519,attack,attack_distributed_27,attack_distributed
1.098612,1,0,0,1,1,0,0,0.040541,3.583519,attack,attack_distributed_27,attack_distributed
1.609438,1,0,0,1,1,0.293182,0,0.040541,3.583519,attack,attack_distributed_27,attack_distributed
1.609438,1,0,0,1,1,0.342198,0,0.040541,3.583519,attack,attack_distributed_27,attack_distributed
1.386294,1,0,0,1,1,0.209524,0,0.040541,3.583519,attack,attack_distributed_27,attack_distributed
1.386294,1,0,0,1,1,0.133005,0,0.040541,3.583519,attack,attack_distributed_27,attack_distributed
1.386294,1,0,0,1,1,0.042017,0,0.040541,3.583519,attack,attack_distributed_27,attack_distributed
1.386294,1,0,0,1,1,0.169082,0,0.040541,3.583519,attack,attack_distributed_27,attack_distributed
1.386294,1,0,0,1,1,0.080645,0,0.040541,3.583519,attack,attack_distributed_27,attack_distributed
1.386294,1,0,0,1,1,0.12305,0,0.040541,3.583519,attack,attack_distributed_27,attack_distributed
2.772589,1,0,0,1,1,0.632487,0,0.254237,1.609438,attack,attack_low_amplitude_27,attack_low_amplitude
2.772589,1,0,0,1,1,0.491178,0,0.254237,1.609438,attack,attack_low_amplitude_27,attack_low_amplitude
2.772589,1,0,0,1,1,0.556603,0,0.254237,1.609438,attack,attack_low_amplitude_27,attack_low_amplitude
2.772589,0.933333,0.066667,0,1,1,0.586298,0,0.254237,1.609438,attack,attack_low_amplitude_27,attack_low_amplitude
3.433987,1,0,0,1,1,0.963081,0,0.254237,1.609438,attack,attack_low_amplitude_27,attack_low_amplitude
3.433987,0.966667,0.033333,0,1,1,0.729243,0,0.254237,1.609438,attack,attack_low_amplitude_27,attack_low_amplitude
0.693147,1,0,1,1,0,0,0,0.022727,3.806662,outage,gateway_outage_27,gateway_outage
0.693147,1,0,1,1,0,0,0,0.022727,3.806662,outage,gateway_outage_27,gateway_outage
0.693147,1,0,1,1,0,0,0,0.022727,3.806662,outage,gateway_outage_27,gateway_outage
0.693147,1,0,1,1,0,0,0,0.022727,3.806662,outage,gateway_outage_27,gateway_outage
0.693147,1,0,1,1,0,0,0,0.022727,3.806662,outage,gateway_outage_27,gateway_outage
0.693147,1,0,1,1,0,0,0,0.022727,3.806662,outage,gateway_outage_27,gateway_outage
0.693147,1,0,1,1,0,0,0,0.022727,3.806662,outage,gateway_outage_27,gateway_outage
0.693147,1,0,1,1,0,0,0,0.022727,3.806662,outage,gateway_outage_27,gateway_outage
1.098612,1,0,1,1,0,0,0,0.022727,3.806662,outage,gateway_outage_27,gateway_outage
1.098612,1,0,1,1,0,0,0,0.022727,3.806662,outage,gateway_outage_27,gateway_outage
1.098612,1,0,1,1,0,0,0,0.022727,3.806662,outage,gateway_outage_27,gateway_outage
1.098612,1,0,1,1,0,0,0,0.022727,3.806662,outage,gateway_outage_27,gateway_outage
1.098612,1,0,1,1,0,0,0,0.022727,3.806662,outage,gateway_outage_27,gateway_outage
1.098612,1,0,1,1,0,0,0,0.022727,3.806662,outage,gateway_outage_27,gateway_outage
1.098612,1,0,1,1,0,0,0,0.022727,3.806662,outage,gateway_outage_27,gateway_outage
1.098612,1,0,1,1,0,0,0,0.022727,3.806662,outage,gateway_outage_27,gateway_outage
3.044522,0.8,0.2,0,0.4,0,0.438324,0,0.355556,1.386294,retry_storm,retry_storm_27,retry_storm
3.091042,0.714286,0.285714,0,0.380952,0,0.523204,0,0.355556,1.386294,retry_storm,retry_storm_27,retry_storm
3.044522,0.7,0.3,0,0.4,0,0.423764,0,0.355556,1.386294,retry_storm,retry_storm_27,retry_storm
4.127134,0.737705,0.262295,0,0.131148,0,0.931938,0,0.355556,1.386294,retry_storm,retry_storm_27,retry_storm
0.693147,1,0,0,1,0,0,0,0.333333,1.386294,healthy_traffic,normal_traffic_27,normal_traffic
0.693147,1,0,0,1,0,0,0,0.333333,1.386294,healthy_traffic,normal_traffic_27,normal_traffic
0.693147,1,0,0,1,0,0,0,0.333333,1.386294,healthy_traffic,normal_traffic_27,normal_traffic
0.693147,0,1,0,1,0,0,0,0.333333,1.386294,healthy_traffic,normal_traffic_27,normal_traffic
0.693147,0,1,0,1,0,0,0,0.333333,1.386294,healthy_traffic,normal_traffic_27,normal_traffic
0.693147,0,1,0,1,0,0,0,0.333333,1.386294,healthy_traffic,normal_traffic_27,normal_traffic
0.693147,0,1,0,1,0,0,0,0.333333,1.386294,healthy_traffic,normal_traffic_27,normal_traffic
0.693147,0,1,0,1,0,0,0,0.333333,1.386294,healthy_traffic,normal_traffic_27,normal_traffic
1.098612,0.5,0.5,0,1,0,0,0,0.333333,1.386294,healthy_traffic,normal_traffic_27,normal_traffic
0.693147,1,0,0,1,0,0,0,0.333333,1.386294,healthy_traffic,normal_traffic_27,normal_traffic
0.693147,1,0,0,1,0,0,0,0.333333,1.386294,healthy_traffic,normal_traffic_27,normal_traffic
1.098612,0,1,0,1,0,0,0,0.333333,1.386294,healthy_traffic,normal_traffic_27,normal_traffic
1.098612,0,1,0,1,0,0,0,0.333333,1.386294,healthy_traffic,normal_traffic_27,normal_traffic
1.098612,0,1,0,1,0,0,0,0.333333,1.386294,healthy_traffic,normal_traffic_27,normal_traffic
1.098612,0,1,0,1,0,0,0,0.333333,1.386294,healthy_traffic,normal_traffic_27,normal_traffic
1.098612,0,1,0,1,0,0,0,0.333333,1.386294,healthy_traffic,normal_traffic_27,normal_traffic
0.693147,1,0,0,1,0,0,0,0.071429,2.70805,healthy_traffic,flash_sale_27,flash_sale
0.693147,1,0,0,1,0,0,0,0.071429,2.70805,healthy_traffic,flash_sale_27,flash_sale
0.693147,1,0,0,1,0,0,0,0.071429,2.70805,healthy_traffic,flash_sale_27,flash_sale
0.693147,1,0,0,1,0,0,0,0.071429,2.70805,healthy_traffic,flash_sale_27,flash_sale
0.693147,1,0,0,1,0,0,0,0.071429,2.70805,healthy_traffic,flash_sale_27,flash_sale
0.693147,1,0,0,1,0,0,0,0.071429,2.70805,healthy_traffic,flash_sale_27,flash_sale
0.693147,1,0,0,1,0,0,0,0.071429,2.70805,healthy_traffic,flash_sale_27,flash_sale
0.693147,1,0,0,1,0,0,0,0.071429,2.70805,healthy_traffic,flash_sale_27,flash_sale
1.098612,1,0,0,1,0,0,0,0.071429,2.70805,healthy_traffic,flash_sale_27,flash_sale
1.098612,0.5,0.5,0,1,0,0,0,0.071429,2.70805,healthy_traffic,flash_sale_27,flash_sale
1.098612,0.5,0.5,0,1,0,0,0,0.071429,2.70805,healthy_traffic,flash_sale_27,flash_sale
1.098612,0.5,0.5,0,1,0,0,0,0.071429,2.70805,healthy_traffic,flash_sale_27,flash_sale
1.098612,0.5,0.5,0,1,0,0,0,0.071429,2.70805,healthy_traffic,flash_sale_27,flash_sale
1.098612,0.5,0.5,0,1,0,0,0,0.071429,2.70805,healthy_traffic,flash_sale_27,flash_sale
1.098612,0.5,0.5,0,1,0,0,0,0.071429,2.70805,healthy_traffic,flash_sale_27,flash_sale
0.693147,1,0,0,1,0,0,0,0.071429,2.70805,healthy_traffic,flash_sale_27,flash_sale
1.609438,0.75,0.25,0,0.25,0,0.686435,1,0.272727,1.791759,healthy_traffic,customer_error_27,customer_error
1.609438,0.75,0.25,0,0.25,0,0.089087,1,0.272727,1.791759,healthy_traffic,customer_error_27,customer_error
1.609438,0.75,0.25,0,0.25,0,0.412899,1,0.272727,1.791759,healthy_traffic,customer_error_27,customer_error
1.098612,0.5,0.5,0,0.5,0,0,1,0.272727,1.791759,healthy_traffic,customer_error_27,customer_error
1.098612,0.5,0.5,0,0.5,0,0,1,0.272727,1.791759,healthy_traffic,customer_error_27,customer_error
0.693147,0,1,0,1,0,0,0,0.272727,1.791759,healthy_traffic,customer_error_27,customer_error
0.693147,0,1,0,1,0,0,0,0.272727,1.791759,healthy_traffic,customer_error_27,customer_error
0.693147,0,1,0,1,0,0,0,0.272727,1.791759,healthy_traffic,customer_error_27,customer_error
1.791759,0.6,0.4,0,0.4,0,1.68122,0.5,0.272727,1.791759,healthy_traffic,customer_error_27,customer_error
1.791759,0.6,0.4,0,0.4,0,1.614727,0.5,0.272727,1.791759,healthy_traffic,customer_error_27,customer_error
1.791759,0.6,0.4,0,0.4,0,1.667132,0.5,0.272727,1.791759,healthy_traffic,customer_error_27,customer_error
1.386294,0.333333,0.666667,0,0.666667,0,0.961215,0.5,0.272727,1.791759,healthy_traffic,customer_error_27,customer_error
1.098612,0.5,0.5,0,0.5,0,0,1,0.272727,1.791759,healthy_traffic,customer_error_27,customer_error
1.098612,0,1,0,1,0,0,0,0.272727,1.791759,healthy_traffic,customer_error_27,customer_error
1.098612,0,1,0,1,0,0,0,0.272727,1.791759,healthy_traffic,customer_error_27,customer_error
1.098612,0,1,0,1,0,0,0,0.272727,1.791759,healthy_traffic,customer_error_27,customer_error
4.094345,0.966102,0.033898,0,1,1,0.886419,0,1,0.693147,attack,attack_loud_28,attack_loud
4.094345,0.966102,0.033898,0,1,1,0.886419,0,1,0.693147,attack,attack_loud_28,attack_loud
1.386294,1,0,0,1,1,0.140716,0,0.061224,3.258097,attack,attack_distributed_28,attack_distributed
1.098612,1,0,0,1,1,0,0,0.061224,3.258097,attack,attack_distributed_28,attack_distributed
1.098612,1,0,0,1,1,0,0,0.061224,3.258097,attack,attack_distributed_28,attack_distributed
1.098612,1,0,0,1,1,0,0,0.061224,3.258097,attack,attack_distributed_28,attack_distributed
1.098612,1,0,0,1,1,0,0,0.061224,3.258097,attack,attack_distributed_28,attack_distributed
1.098612,1,0,0,1,1,0,0,0.061224,3.258097,attack,attack_distributed_28,attack_distributed
1.098612,1,0,0,1,1,0,0,0.061224,3.258097,attack,attack_distributed_28,attack_distributed
1.098612,1,0,0,1,1,0,0,0.061224,3.258097,attack,attack_distributed_28,attack_distributed
1.098612,1,0,0,1,1,0,0,0.061224,3.258097,attack,attack_distributed_28,attack_distributed
1.098612,1,0,0,1,1,0,0,0.061224,3.258097,attack,attack_distributed_28,attack_distributed
1.098612,1,0,0,1,1,0,0,0.061224,3.258097,attack,attack_distributed_28,attack_distributed
1.098612,1,0,0,1,1,0,0,0.061224,3.258097,attack,attack_distributed_28,attack_distributed
1.098612,1,0,0,1,1,0,0,0.061224,3.258097,attack,attack_distributed_28,attack_distributed
1.098612,1,0,0,1,1,0,0,0.061224,3.258097,attack,attack_distributed_28,attack_distributed
1.098612,1,0,0,1,1,0,0,0.061224,3.258097,attack,attack_distributed_28,attack_distributed
1.098612,1,0,0,1,1,0,0,0.061224,3.258097,attack,attack_distributed_28,attack_distributed
3.044522,0.95,0.05,0,1,1,0.730008,0,0.513514,1.098612,attack,attack_low_amplitude_28,attack_low_amplitude
3.044522,0.9,0.1,0,1,1,0.694599,0,0.513514,1.098612,attack,attack_low_amplitude_28,attack_low_amplitude
2.639057,1,0,0,1,1,0.592749,0,0.513514,1.098612,attack,attack_low_amplitude_28,attack_low_amplitude
2.70805,0.857143,0.142857,0,1,1,0.44696,0,0.513514,1.098612,attack,attack_low_amplitude_28,attack_low_amplitude
2.639057,0.923077,0.076923,0,1,1,0.615943,0,0.513514,1.098612,attack,attack_low_amplitude_28,attack_low_amplitude
0.693147,1,0,1,1,0,0,0,0.025641,3.688879,outage,gateway_outage_28,gateway_outage
0.693147,1,0,1,1,0,0,0,0.025641,3.688879,outage,gateway_outage_28,gateway_outage
0.693147,1,0,1,1,0,0,0,0.025641,3.688879,outage,gateway_outage_28,gateway_outage
0.693147,1,0,1,1,0,0,0,0.025641,3.688879,outage,gateway_outage_28,gateway_outage
0.693147,1,0,1,1,0,0,0,0.025641,3.688879,outage,gateway_outage_28,gateway_outage
0.693147,1,0,1,1,0,0,0,0.025641,3.688879,outage,gateway_outage_28,gateway_outage
0.693147,1,0,1,1,0,0,0,0.025641,3.688879,outage,gateway_outage_28,gateway_outage
0.693147,1,0,1,1,0,0,0,0.025641,3.688879,outage,gateway_outage_28,gateway_outage
0.693147,1,0,1,1,0,0,0,0.025641,3.688879,outage,gateway_outage_28,gateway_outage
0.693147,1,0,1,1,0,0,0,0.025641,3.688879,outage,gateway_outage_28,gateway_outage
0.693147,1,0,1,1,0,0,0,0.025641,3.688879,outage,gateway_outage_28,gateway_outage
0.693147,1,0,1,1,0,0,0,0.025641,3.688879,outage,gateway_outage_28,gateway_outage
0.693147,1,0,1,1,0,0,0,0.025641,3.688879,outage,gateway_outage_28,gateway_outage
0.693147,1,0,1,1,0,0,0,0.025641,3.688879,outage,gateway_outage_28,gateway_outage
0.693147,1,0,1,1,0,0,0,0.025641,3.688879,outage,gateway_outage_28,gateway_outage
0.693147,1,0,1,1,0,0,0,0.025641,3.688879,outage,gateway_outage_28,gateway_outage
3.806662,0.886364,0.113636,0,0.181818,0,0.947628,0,1,0.693147,retry_storm,retry_storm_28,retry_storm
3.806662,0.886364,0.113636,0,0.181818,0,0.947628,0,1,0.693147,retry_storm,retry_storm_28,retry_storm
0.693147,1,0,0,1,0,0,0,0.125,2.197225,healthy_traffic,normal_traffic_28,normal_traffic
0.693147,1,0,0,1,0,0,0,0.125,2.197225,healthy_traffic,normal_traffic_28,normal_traffic
0.693147,1,0,0,1,0,0,0,0.125,2.197225,healthy_traffic,normal_traffic_28,normal_traffic
0.693147,1,0,0,1,0,0,0,0.125,2.197225,healthy_traffic,normal_traffic_28,normal_traffic
0.693147,1,0,0,1,0,0,0,0.125,2.197225,healthy_traffic,normal_traffic_28,normal_traffic
0.693147,1,0,0,1,0,0,0,0.125,2.197225,healthy_traffic,normal_traffic_28,normal_traffic
0.693147,1,0,0,1,0,0,0,0.125,2.197225,healthy_traffic,normal_traffic_28,normal_traffic
0.693147,1,0,0,1,0,0,0,0.125,2.197225,healthy_traffic,normal_traffic_28,normal_traffic
0.693147,1,0,0,1,0,0,0,0.125,2.197225,healthy_traffic,normal_traffic_28,normal_traffic
0.693147,1,0,0,1,0,0,0,0.125,2.197225,healthy_traffic,normal_traffic_28,normal_traffic
0.693147,1,0,0,1,0,0,0,0.125,2.197225,healthy_traffic,normal_traffic_28,normal_traffic
0.693147,1,0,0,1,0,0,0,0.125,2.197225,healthy_traffic,normal_traffic_28,normal_traffic
0.693147,1,0,0,1,0,0,0,0.125,2.197225,healthy_traffic,normal_traffic_28,normal_traffic
0.693147,1,0,0,1,0,0,0,0.125,2.197225,healthy_traffic,normal_traffic_28,normal_traffic
0.693147,1,0,0,1,0,0,0,0.125,2.197225,healthy_traffic,normal_traffic_28,normal_traffic
0.693147,1,0,0,1,0,0,0,0.125,2.197225,healthy_traffic,normal_traffic_28,normal_traffic
0.693147,1,0,0,1,0,0,0,0.066667,2.772589,healthy_traffic,flash_sale_28,flash_sale
0.693147,1,0,0,1,0,0,0,0.066667,2.772589,healthy_traffic,flash_sale_28,flash_sale
0.693147,1,0,0,1,0,0,0,0.066667,2.772589,healthy_traffic,flash_sale_28,flash_sale
0.693147,1,0,0,1,0,0,0,0.066667,2.772589,healthy_traffic,flash_sale_28,flash_sale
0.693147,1,0,0,1,0,0,0,0.066667,2.772589,healthy_traffic,flash_sale_28,flash_sale
0.693147,1,0,0,1,0,0,0,0.066667,2.772589,healthy_traffic,flash_sale_28,flash_sale
0.693147,1,0,0,1,0,0,0,0.066667,2.772589,healthy_traffic,flash_sale_28,flash_sale
0.693147,1,0,0,1,0,0,0,0.066667,2.772589,healthy_traffic,flash_sale_28,flash_sale
0.693147,1,0,0,1,0,0,0,0.066667,2.772589,healthy_traffic,flash_sale_28,flash_sale
0.693147,1,0,0,1,0,0,0,0.066667,2.772589,healthy_traffic,flash_sale_28,flash_sale
0.693147,1,0,0,1,0,0,0,0.066667,2.772589,healthy_traffic,flash_sale_28,flash_sale
0.693147,1,0,0,1,0,0,0,0.066667,2.772589,healthy_traffic,flash_sale_28,flash_sale
0.693147,1,0,0,1,0,0,0,0.066667,2.772589,healthy_traffic,flash_sale_28,flash_sale
0.693147,1,0,0,1,0,0,0,0.066667,2.772589,healthy_traffic,flash_sale_28,flash_sale
0.693147,1,0,0,1,0,0,0,0.066667,2.772589,healthy_traffic,flash_sale_28,flash_sale
0.693147,1,0,0,1,0,0,0,0.066667,2.772589,healthy_traffic,flash_sale_28,flash_sale
1.386294,0.666667,0.333333,0,0.333333,0,0.053763,1,0.666667,1.098612,healthy_traffic,customer_error_28,customer_error
1.098612,0.5,0.5,0,0.5,0,0,1,0.666667,1.098612,healthy_traffic,customer_error_28,customer_error
0.693147,0,1,0,1,0,0,0,0.666667,1.098612,healthy_traffic,customer_error_28,customer_error
0.693147,0,1,0,1,0,0,0,0.666667,1.098612,healthy_traffic,customer_error_28,customer_error
0.693147,0,1,0,1,0,0,0,0.666667,1.098612,healthy_traffic,customer_error_28,customer_error
0.693147,0,1,0,1,0,0,0,0.666667,1.098612,healthy_traffic,customer_error_28,customer_error
0.693147,0,1,0,1,0,0,0,0.666667,1.098612,healthy_traffic,customer_error_28,customer_error
0.693147,0,1,0,1,0,0,0,0.666667,1.098612,healthy_traffic,customer_error_28,customer_error
1.386294,0.666667,0.333333,0,0.333333,0,0.053763,1,0.666667,1.098612,healthy_traffic,customer_error_28,customer_error
1.098612,0.5,0.5,0,0.5,0,0,1,0.666667,1.098612,healthy_traffic,customer_error_28,customer_error
0.693147,0,1,0,1,0,0,0,0.666667,1.098612,healthy_traffic,customer_error_28,customer_error
0.693147,0,1,0,1,0,0,0,0.666667,1.098612,healthy_traffic,customer_error_28,customer_error
0.693147,0,1,0,1,0,0,0,0.666667,1.098612,healthy_traffic,customer_error_28,customer_error
0.693147,0,1,0,1,0,0,0,0.666667,1.098612,healthy_traffic,customer_error_28,customer_error
0.693147,0,1,0,1,0,0,0,0.666667,1.098612,healthy_traffic,customer_error_28,customer_error
0.693147,0,1,0,1,0,0,0,0.666667,1.098612,healthy_traffic,customer_error_28,customer_error
4.644391,0.980583,0.019417,0,1,1,0.987661,0,1,0.693147,attack,attack_loud_29,attack_loud
4.644391,0.980583,0.019417,0,1,1,0.987661,0,1,0.693147,attack,attack_loud_29,attack_loud
1.609438,1,0,0,1,1,0.073049,0,0.047619,3.178054,attack,attack_distributed_29,attack_distributed
1.609438,1,0,0,1,1,0.156516,0,0.047619,3.178054,attack,attack_distributed_29,attack_distributed
1.609438,1,0,0,1,1,0.260198,0,0.047619,3.178054,attack,attack_distributed_29,attack_distributed
1.609438,1,0,0,1,1,0.271781,0,0.047619,3.178054,attack,attack_distributed_29,attack_distributed
1.609438,1,0,0,1,1,0.245019,0,0.047619,3.178054,attack,attack_distributed_29,attack_distributed
1.609438,1,0,0,1,1,0.244853,0,0.047619,3.178054,attack,attack_distributed_29,attack_distributed
1.609438,1,0,0,1,1,0.24772,0,0.047619,3.178054,attack,attack_distributed_29,attack_distributed
1.609438,1,0,0,1,1,0.217308,0,0.047619,3.178054,attack,attack_distributed_29,attack_distributed
1.609438,1,0,0,1,1,0.073049,0,0.047619,3.178054,attack,attack_distributed_29,attack_distributed
1.609438,1,0,0,1,1,0.156516,0,0.047619,3.178054,attack,attack_distributed_29,attack_distributed
1.609438,1,0,0,1,1,0.260198,0,0.047619,3.178054,attack,attack_distributed_29,attack_distributed
1.609438,1,0,0,1,1,0.271781,0,0.047619,3.178054,attack,attack_distributed_29,attack_distributed
1.609438,1,0,0,1,1,0.245019,0,0.047619,3.178054,attack,attack_distributed_29,attack_distributed
1.609438,1,0,0,1,1,0.244853,0,0.047619,3.178054,attack,attack_distributed_29,attack_distributed
1.609438,1,0,0,1,1,0.24772,0,0.047619,3.178054,attack,attack_distributed_29,attack_distributed
1.609438,1,0,0,1,1,0.217308,0,0.047619,3.178054,attack,attack_distributed_29,attack_distributed
3.526361,1,0,0,1,1,0.673905,0,0.515625,1.098612,attack,attack_low_amplitude_29,attack_low_amplitude
3.526361,0.939394,0.060606,0,1,1,0.76999,0,0.515625,1.098612,attack,attack_low_amplitude_29,attack_low_amplitude
3.526361,1,0,0,1,1,0.673905,0,0.515625,1.098612,attack,attack_low_amplitude_29,attack_low_amplitude
3.526361,0.939394,0.060606,0,1,1,0.76999,0,0.515625,1.098612,attack,attack_low_amplitude_29,attack_low_amplitude
1.098612,1,0,1,1,0,0,0,0.036364,3.828641,outage,gateway_outage_29,gateway_outage
1.098612,1,0,1,1,0,0,0,0.036364,3.828641,outage,gateway_outage_29,gateway_outage
1.098612,1,0,1,1,0,0,0,0.036364,3.828641,outage,gateway_outage_29,gateway_outage
1.098612,1,0,1,1,0,0,0,0.036364,3.828641,outage,gateway_outage_29,gateway_outage
1.098612,1,0,1,1,0,0,0,0.036364,3.828641,outage,gateway_outage_29,gateway_outage
1.098612,1,0,1,1,0,0,0,0.036364,3.828641,outage,gateway_outage_29,gateway_outage
1.098612,1,0,1,1,0,0,0,0.036364,3.828641,outage,gateway_outage_29,gateway_outage
1.098612,1,0,1,1,0,0,0,0.036364,3.828641,outage,gateway_outage_29,gateway_outage
1.098612,1,0,1,1,0,0,0,0.036364,3.828641,outage,gateway_outage_29,gateway_outage
1.098612,1,0,1,1,0,0,0,0.036364,3.828641,outage,gateway_outage_29,gateway_outage
1.098612,1,0,1,1,0,0,0,0.036364,3.828641,outage,gateway_outage_29,gateway_outage
1.098612,1,0,1,1,0,0,0,0.036364,3.828641,outage,gateway_outage_29,gateway_outage
1.098612,1,0,1,1,0,0,0,0.036364,3.828641,outage,gateway_outage_29,gateway_outage
1.098612,1,0,1,1,0,0,0,0.036364,3.828641,outage,gateway_outage_29,gateway_outage
1.098612,1,0,1,1,0,0,0,0.036364,3.828641,outage,gateway_outage_29,gateway_outage
1.098612,1,0,1,1,0,0,0,0.036364,3.828641,outage,gateway_outage_29,gateway_outage
4.219508,0.925373,0.074627,0,0.119403,0,0.895132,0,1,0.693147,retry_storm,retry_storm_29,retry_storm
4.219508,0.925373,0.074627,0,0.119403,0,0.895132,0,1,0.693147,retry_storm,retry_storm_29,retry_storm
1.098612,0.5,0.5,0,1,0,0,0,0.166667,1.94591,healthy_traffic,normal_traffic_29,normal_traffic
1.098612,0.5,0.5,0,1,0,0,0,0.166667,1.94591,healthy_traffic,normal_traffic_29,normal_traffic
1.098612,0.5,0.5,0,1,0,0,0,0.166667,1.94591,healthy_traffic,normal_traffic_29,normal_traffic
1.098612,0.5,0.5,0,1,0,0,0,0.166667,1.94591,healthy_traffic,normal_traffic_29,normal_traffic
0.693147,1,0,0,1,0,0,0,0.166667,1.94591,healthy_traffic,normal_traffic_29,normal_traffic
0.693147,1,0,0,1,0,0,0,0.166667,1.94591,healthy_traffic,normal_traffic_29,normal_traffic
1.098612,0,1,0,1,0,0,0,0.166667,1.94591,healthy_traffic,normal_traffic_29,normal_traffic
1.098612,0,1,0,1,0,0,0,0.166667,1.94591,healthy_traffic,normal_traffic_29,normal_traffic
1.098612,1,0,0,1,0,0,0,0.166667,1.94591,healthy_traffic,normal_traffic_29,normal_traffic
1.098612,0.5,0.5,0,1,0,0,0,0.166667,1.94591,healthy_traffic,normal_traffic_29,normal_traffic
1.098612,0.5,0.5,0,1,0,0,0,0.166667,1.94591,healthy_traffic,normal_traffic_29,normal_traffic
1.098612,0.5,0.5,0,1,0,0,0,0.166667,1.94591,healthy_traffic,normal_traffic_29,normal_traffic
0.693147,1,0,0,1,0,0,0,0.166667,1.94591,healthy_traffic,normal_traffic_29,normal_traffic
1.098612,0,1,0,1,0,0,0,0.166667,1.94591,healthy_traffic,normal_traffic_29,normal_traffic
1.098612,0,1,0,1,0,0,0,0.166667,1.94591,healthy_traffic,normal_traffic_29,normal_traffic
1.098612,0,1,0,1,0,0,0,0.166667,1.94591,healthy_traffic,normal_traffic_29,normal_traffic
1.098612,1,0,0,1,0,0,0,0.095238,3.044522,healthy_traffic,flash_sale_29,flash_sale
1.098612,0.5,0.5,0,1,0,0,0,0.095238,3.044522,healthy_traffic,flash_sale_29,flash_sale
1.098612,0.5,0.5,0,1,0,0,0,0.095238,3.044522,healthy_traffic,flash_sale_29,flash_sale
1.098612,0.5,0.5,0,1,0,0,0,0.095238,3.044522,healthy_traffic,flash_sale_29,flash_sale
1.098612,0.5,0.5,0,1,0,0,0,0.095238,3.044522,healthy_traffic,flash_sale_29,flash_sale
1.098612,0.5,0.5,0,1,0,0,0,0.095238,3.044522,healthy_traffic,flash_sale_29,flash_sale
1.098612,0.5,0.5,0,1,0,0,0,0.095238,3.044522,healthy_traffic,flash_sale_29,flash_sale
1.098612,0.5,0.5,0,1,0,0,0,0.095238,3.044522,healthy_traffic,flash_sale_29,flash_sale
1.098612,1,0,0,1,0,0,0,0.095238,3.044522,healthy_traffic,flash_sale_29,flash_sale
1.098612,0.5,0.5,0,1,0,0,0,0.095238,3.044522,healthy_traffic,flash_sale_29,flash_sale
1.098612,0.5,0.5,0,1,0,0,0,0.095238,3.044522,healthy_traffic,flash_sale_29,flash_sale
1.098612,0.5,0.5,0,1,0,0,0,0.095238,3.044522,healthy_traffic,flash_sale_29,flash_sale
1.098612,0.5,0.5,0,1,0,0,0,0.095238,3.044522,healthy_traffic,flash_sale_29,flash_sale
1.098612,0.5,0.5,0,1,0,0,0,0.095238,3.044522,healthy_traffic,flash_sale_29,flash_sale
1.098612,0.5,0.5,0,1,0,0,0,0.095238,3.044522,healthy_traffic,flash_sale_29,flash_sale
1.098612,0.5,0.5,0,1,0,0,0,0.095238,3.044522,healthy_traffic,flash_sale_29,flash_sale
1.791759,0.6,0.4,0,0.4,0,1.646966,0.5,0.230769,1.94591,healthy_traffic,customer_error_29,customer_error
1.791759,0.6,0.4,0,0.4,0,1.662678,0.5,0.230769,1.94591,healthy_traffic,customer_error_29,customer_error
1.609438,0.5,0.5,0,0.5,0,1.352135,0.5,0.230769,1.94591,healthy_traffic,customer_error_29,customer_error
1.609438,0.5,0.5,0,0.5,0,1.379373,0.5,0.230769,1.94591,healthy_traffic,customer_error_29,customer_error
1.386294,0.666667,0.333333,0,0.333333,0,0.515152,1,0.230769,1.94591,healthy_traffic,customer_error_29,customer_error
1.386294,0.333333,0.666667,0,0.666667,0,0.952643,0.5,0.230769,1.94591,healthy_traffic,customer_error_29,customer_error
1.098612,0,1,0,1,0,0,0,0.230769,1.94591,healthy_traffic,customer_error_29,customer_error
1.098612,0,1,0,1,0,0,0,0.230769,1.94591,healthy_traffic,customer_error_29,customer_error
1.791759,0.6,0.4,0,0.4,0,1.642848,0.5,0.230769,1.94591,healthy_traffic,customer_error_29,customer_error
1.791759,0.6,0.4,0,0.4,0,1.647955,0.5,0.230769,1.94591,healthy_traffic,customer_error_29,customer_error
1.609438,0.5,0.5,0,0.5,0,1.338454,0.5,0.230769,1.94591,healthy_traffic,customer_error_29,customer_error
1.609438,0.5,0.5,0,0.5,0,1.374456,0.5,0.230769,1.94591,healthy_traffic,customer_error_29,customer_error
1.386294,0.666667,0.333333,0,0.333333,0,0.515152,1,0.230769,1.94591,healthy_traffic,customer_error_29,customer_error
1.386294,0.333333,0.666667,0,0.666667,0,0.949821,0.5,0.230769,1.94591,healthy_traffic,customer_error_29,customer_error
1.098612,0,1,0,1,0,0,0,0.230769,1.94591,healthy_traffic,customer_error_29,customer_error
1.098612,0,1,0,1,0,0,0,0.230769,1.94591,healthy_traffic,customer_error_29,customer_error
